dates,Max Temperature (°F),Avg Temperature (°F),Min Temperature (°F),Max Dew Point (°F),Avg Dew Point (°F),Min Dew Point (°F),Max Humidity (%),Avg Humidity (%),Min Humidity (%),Max Wind Speed (mph),Avg Wind Speed (mph),Min Wind Speed (mph),Max Pressure (in),Avg Pressure (in),Min Pressure (in),Precipitation (in)
2022-01-01,28,25.4,18,27,23.9,16,100,92.6,86,5,1.7,0,26.3,26.2,26.2,0.00
2022-01-02,34,28.7,25,30,26.0,19,100,90.1,56,14,3.4,1,26.2,26.1,26.1,0.00
2022-01-03,32,25.4,12,21,17.2,9,93,71.8,51,16,6.5,1,26.2,26.2,26.1,0.00
2022-01-04,27,20.1,10,23,17.0,9,100,88.6,69,3,1.5,1,26.2,26.2,26.1,0.00
2022-01-05,25,21.8,18,23,20.5,16,100,95.2,93,2,1.0,0,26.4,26.3,26.2,0.00
2022-01-06,19,18.4,16,19,16.9,14,100,93.6,93,2,1.0,0,26.4,26.4,26.4,0.00
2022-01-07,23,18.4,14,21,16.4,12,100,92.7,86,2,0.7,0,26.4,26.4,26.4,0.00
2022-01-08,25,16.0,7,25,13.7,5,100,91.5,85,1,0.1,0,26.4,26.4,26.3,0.00
2022-01-09,37,23.2,9,32,20.7,7,100,90.4,81,9,2.4,0,26.3,26.2,26.1,0.00
2022-01-10,45,38.1,34,36,32.4,30,100,81.5,61,14,6.4,1,26.1,26.1,26.0,0.00
2022-01-11,45,40.3,34,32,30.9,30,87,70.1,61,18,8.1,1,26.2,26.1,26.1,0.00
2022-01-12,43,38.6,34,36,34.4,30,93,84.6,76,14,5.0,2,26.2,26.1,26.1,0.00
2022-01-13,39,34.8,30,36,28.8,18,100,80.1,60,20,8.8,1,26.2,26.1,26.0,0.00
2022-01-14,34,27.2,21,21,15.3,12,74,61.8,44,14,6.5,1,26.2,26.1,26.0,0.00
2022-01-15,32,27.0,23,19,16.0,7,80,64.0,43,21,11.2,2,26.0,25.9,25.9,0.00
2022-01-16,32,24.6,19,14,10.5,9,68,56.1,41,15,11.8,8,26.2,26.1,26.0,0.00
2022-01-17,32,23.7,16,14,10.7,5,73,58.9,40,16,6.7,1,26.2,26.2,26.2,0.00
2022-01-18,28,22.7,12,19,14.5,9,86,71.8,55,15,5.2,1,26.2,26.1,26.1,0.00
2022-01-19,27,23.7,21,23,19.0,9,93,83.8,54,16,9.2,1,26.1,26.0,26.0,0.00
2022-01-20,27,20.9,14,18,9.7,0,79,62.5,49,17,13.2,8,26.3,26.2,26.0,0.00
2022-01-21,25,11.3,1,10,5.2,-4,92,77.4,54,8,2.5,1,26.4,26.4,26.3,0.00
2022-01-22,32,14.3,1,23,8.2,-2,92,77.0,59,17,3.8,1,26.4,26.2,26.1,0.00
2022-01-23,34,32.1,30,25,22.3,21,80,67.3,60,33,26.4,15,26.0,26.0,25.9,0.00
2022-01-24,32,25.6,19,28,24.7,18,100,96.2,75,23,6.2,1,26.2,26.1,25.9,0.00
2022-01-25,25,18.5,7,21,16.2,5,100,90.4,80,8,2.2,0,26.3,26.2,26.1,0.00
2022-01-26,34,33.1,30,34,28.3,19,100,84.1,56,21,8.1,1,26.1,26.0,26.0,0.00
2022-01-27,32,28.5,27,32,23.3,18,100,80.6,64,14,5.2,0,26.2,26.0,25.9,0.00
2022-01-28,28,17.9,0,19,11.8,-4,92,77.9,53,7,2.5,1,26.3,26.2,26.2,0.00
2022-01-29,21,9.6,0,12,5.6,-4,92,84.3,68,2,1.6,1,26.4,26.4,26.3,0.00
2022-01-30,19,8.0,-4,10,2.7,-8,92,80.5,58,2,1.5,1,26.4,26.3,26.2,0.00
2022-01-31,36,21.4,7,28,16.8,3,92,82.3,69,13,3.0,0,26.2,26.1,26.0,0.00
2022-02-01,45,34.5,25,28,26.8,21,93,74.8,53,6,3.1,1,26.2,26.1,26.0,0.00
2022-02-02,43,37.7,32,30,29.2,28,87,72.6,57,21,10.5,1,26.3,26.3,26.2,0.00
2022-02-03,45,39.8,32,32,27.0,21,100,61.8,45,23,15.5,3,26.2,26.1,26.0,0.00
2022-02-04,41,34.2,27,32,29.1,23,100,83.5,61,17,4.6,0,26.0,26.0,25.9,0.00
2022-02-05,34,28.6,23,23,15.6,12,74,58.8,44,16,10.8,3,26.2,26.1,26.0,0.00
2022-02-06,34,28.5,23,23,18.7,16,80,67.3,48,6,2.5,1,26.3,26.3,26.2,0.00
2022-02-07,39,29.6,23,23,19.8,18,86,69.1,45,5,2.5,1,26.3,26.3,26.2,0.00
2022-02-08,41,31.7,19,28,23.3,16,86,71.4,56,14,4.0,0,26.2,26.2,26.1,0.00
2022-02-09,50,42.3,36,36,30.3,28,87,63.4,50,18,7.8,1,26.1,26.1,26.0,0.00
2022-02-10,37,33.2,30,36,32.1,28,100,96.2,87,10,4.4,0,26.2,26.1,26.0,0.00
2022-02-11,37,29.9,25,27,23.9,21,93,79.3,56,6,2.5,1,26.4,26.4,26.3,0.00
2022-02-12,37,25.9,18,25,20.0,16,93,79.4,60,5,2.0,0,26.5,26.5,26.4,0.00
2022-02-13,36,25.0,18,23,18.4,14,93,76.8,60,7,2.4,1,26.5,26.4,26.3,0.00
2022-02-14,39,29.5,21,23,20.2,18,93,71.2,45,5,1.9,1,26.3,26.2,26.2,0.00
2022-02-15,39,28.4,19,25,20.8,18,93,74.6,52,6,2.6,2,26.3,26.3,26.2,0.00
2022-02-16,37,27.4,18,23,19.9,18,100,75.1,56,8,3.7,0,26.4,26.3,26.2,0.00
2022-02-17,36,27.4,23,19,18.4,18,80,69.8,52,14,5.8,2,26.3,26.2,26.1,0.00
2022-02-18,39,28.2,21,23,19.9,18,86,72.4,52,5,2.3,1,26.1,26.1,26.1,0.00
2022-02-19,48,32.2,23,28,24.0,21,100,74.6,46,8,2.1,1,26.3,26.2,26.1,0.00
2022-02-20,46,33.0,23,28,24.5,19,93,72.8,46,5,1.7,0,26.3,26.3,26.2,0.00
2022-02-21,43,33.4,27,30,26.8,23,93,77.7,61,5,2.0,1,26.2,26.2,26.2,0.00
2022-02-22,50,37.5,25,34,29.3,23,100,75.3,50,8,2.6,0,26.2,26.2,26.1,0.00
2022-02-23,55,42.8,32,36,33.3,30,93,71.5,44,7,2.7,1,26.3,26.2,26.2,0.00
2022-02-24,59,43.9,28,37,32.3,27,100,67.5,39,28,11.4,0,26.3,26.2,26.1,0.00
2022-02-25,48,43.7,39,41,38.1,36,93,81.7,66,22,9.4,1,26.1,25.9,25.9,0.00
2022-02-26,48,41.4,37,39,34.5,32,100,77.0,54,15,5.5,1,26.2,26.1,26.0,0.00
2022-02-27,52,40.2,28,34,31.0,28,100,73.2,44,12,3.1,1,26.3,26.3,26.2,0.00
2022-02-28,52,41.0,28,34,31.5,27,100,71.8,47,16,6.6,0,26.3,26.2,26.2,0.00
2022-03-01,50,44.1,37,41,35.8,32,93,73.1,57,15,7.9,0,26.2,26.1,26.1,0.00
2022-03-02,48,41.0,34,41,36.6,34,100,85.4,71,12,3.6,0,26.2,26.1,26.0,0.00
2022-03-03,50,44.0,32,43,38.1,27,93,80.7,71,28,14.5,2,26.0,25.7,25.6,0.00
2022-03-04,37,32.8,28,28,21.0,16,93,62.9,41,21,11.8,1,26.1,26.0,25.8,0.00
2022-03-05,43,33.5,25,27,21.7,18,93,64.8,39,10,3.5,0,26.2,26.1,26.1,0.00
2022-03-06,45,36.0,28,30,26.4,23,93,70.6,43,5,2.0,0,26.1,26.1,26.0,0.00
2022-03-07,50,38.2,25,28,25.7,23,93,63.8,37,10,2.9,0,26.1,26.0,25.9,0.00
2022-03-08,52,41.9,34,36,29.4,23,93,63.3,35,20,6.9,1,26.0,25.9,25.9,0.00
2022-03-09,45,38.2,36,37,35.3,32,93,88.0,76,12,3.8,1,25.9,25.9,25.8,0.00
2022-03-10,39,34.8,30,36,32.4,30,100,91.3,81,20,4.4,0,25.9,25.8,25.8,0.00
2022-03-11,32,28.3,23,32,25.8,14,100,90.9,64,20,10.8,0,26.0,25.8,25.7,0.00
2022-03-12,32,23.1,16,21,17.9,7,100,81.3,51,10,3.1,0,26.1,26.1,26.0,0.00
2022-03-13,34,25.2,18,21,17.6,14,93,74.3,44,10,3.2,1,26.2,26.1,26.1,0.00
2022-03-14,34,26.4,19,21,17.1,12,93,70.3,41,14,4.3,1,26.3,26.2,26.2,0.00
2022-03-15,34,26.5,19,18,13.3,9,86,59.6,38,20,7.0,2,26.3,26.3,26.2,0.00
2022-03-16,36,29.4,21,21,14.9,10,69,56.0,41,23,12.8,8,26.3,26.3,26.2,0.00
2022-03-17,36,30.2,25,28,21.6,18,93,72.2,48,8,3.1,1,26.3,26.2,26.2,0.00
2022-03-18,34,28.4,25,27,21.3,14,93,76.2,56,22,9.2,1,26.2,26.2,26.2,0.00
2022-03-19,25,22.0,18,21,18.3,16,93,85.6,74,10,4.4,1,26.2,26.1,26.1,0.00
2022-03-20,32,25.8,21,23,15.3,10,86,65.3,55,15,10.5,1,26.2,26.1,26.1,0.00
2022-03-21,36,29.9,23,23,20.5,16,93,70.6,48,12,3.0,1,26.2,26.2,26.2,0.00
2022-03-22,43,32.4,23,27,22.1,18,86,67.8,46,14,3.9,1,26.2,26.1,26.1,0.00
2022-03-23,46,36.3,27,32,29.5,27,100,79.3,46,14,4.8,1,26.1,26.1,26.0,0.00
2022-03-24,48,36.7,27,32,23.2,12,100,61.4,27,15,4.8,1,26.0,26.0,26.0,0.00
2022-03-25,45,35.1,25,30,23.8,21,93,66.0,39,14,5.7,1,26.2,26.1,26.0,0.00
2022-03-26,45,35.3,25,28,22.4,18,87,62.0,34,20,5.9,1,26.3,26.2,26.2,0.00
2022-03-27,48,37.4,27,27,21.7,18,93,57.6,30,21,8.0,2,26.4,26.3,26.3,0.00
2022-03-28,52,43.2,32,23,20.0,16,64,41.2,26,21,11.5,1,26.4,26.4,26.4,0.00
2022-03-29,57,42.0,23,27,23.3,19,93,53.0,26,14,5.6,1,26.4,26.4,26.2,0.00
2022-03-30,55,43.6,32,32,28.5,25,87,57.8,38,15,3.7,1,26.2,26.2,26.2,0.00
2022-03-31,63,44.5,25,32,27.6,21,100,59.2,20,8,2.3,0,26.4,26.3,26.2,0.00
2022-04-01,66,49.3,34,34,31.2,28,81,54.1,26,13,3.2,0,26.4,26.3,26.2,0.00
2022-04-02,73,59.6,36,36,30.1,23,87,38.1,16,25,9.8,1,26.3,26.2,26.1,0.00
2022-04-03,73,60.2,41,36,27.3,19,70,33.3,15,18,9.4,1,26.1,26.1,26.0,0.00
2022-04-04,64,55.2,37,27,24.3,21,65,31.6,19,24,10.9,1,26.2,26.2,26.1,0.00
2022-04-05,68,53.4,34,30,26.9,25,75,40.1,20,15,5.6,0,26.2,26.2,26.1,0.00
2022-04-06,68,58.6,48,39,34.5,27,71,41.9,24,17,10.1,2,26.1,26.1,26.0,0.00
2022-04-07,68,54.2,37,39,34.3,28,87,51.7,23,8,3.1,1,26.1,26.0,26.0,0.00
2022-04-08,70,56.4,45,45,38.5,25,93,55.0,25,22,10.1,1,26.0,25.9,25.9,0.00
2022-04-09,64,51.4,41,43,39.0,32,100,67.5,32,8,3.4,1,26.2,26.1,26.0,0.00
2022-04-10,66,52.3,37,46,37.9,32,93,62.8,28,18,6.2,1,26.2,26.1,26.0,0.00
2022-04-11,70,59.0,41,45,36.7,28,100,49.4,23,24,11.3,2,26.1,25.9,25.8,0.00
2022-04-12,54,43.8,34,45,35.9,27,93,75.2,47,28,13.4,3,26.0,25.9,25.8,0.00
2022-04-13,41,35.3,30,28,24.6,21,81,65.3,45,18,13.3,2,26.2,26.1,26.0,0.00
2022-04-14,48,38.8,27,34,25.2,19,93,60.9,37,9,3.5,1,26.2,26.2,26.2,0.00
2022-04-15,57,47.9,39,36,31.0,27,81,54.3,33,15,4.2,0,26.2,26.2,26.2,0.00
2022-04-16,63,48.6,34,37,30.7,27,87,54.2,27,7,2.6,1,26.2,26.2,26.1,0.00
2022-04-17,68,52.0,34,36,32.0,23,93,52.8,19,6,2.3,0,26.2,26.2,26.1,0.00
2022-04-18,66,58.7,46,39,32.7,27,66,40.1,23,18,8.1,2,26.2,26.1,26.1,0.00
2022-04-19,72,62.5,52,48,35.9,28,88,41.9,21,24,10.8,1,26.1,26.0,26.0,0.00
2022-04-20,66,56.7,46,46,37.1,32,82,50.2,28,16,6.6,1,26.1,26.1,26.0,0.00
2022-04-21,70,56.1,37,39,34.7,28,93,49.4,21,16,6.2,0,26.2,26.1,26.1,0.00
2022-04-22,66,56.3,39,37,30.3,14,81,40.6,16,14,3.5,1,26.2,26.2,26.2,0.00
2022-04-23,73,56.8,39,39,34.4,28,87,48.4,19,7,2.2,1,26.2,26.1,26.1,0.00
2022-04-24,79,59.8,37,39,35.2,28,87,47.3,17,15,4.0,2,26.2,26.1,26.1,0.00
2022-04-25,79,60.7,39,41,37.2,28,87,48.3,16,6,2.2,0,26.2,26.1,26.0,0.00
2022-04-26,79,62.4,41,43,39.1,34,87,48.6,20,16,6.2,1,26.1,26.1,26.0,0.00
2022-04-27,79,62.3,45,45,41.6,37,87,51.3,24,17,4.6,1,26.1,26.1,26.0,0.00
2022-04-28,75,61.8,45,48,44.2,41,87,55.1,31,16,5.4,1,26.2,26.1,26.1,0.00
2022-04-29,73,61.7,50,50,43.6,36,77,54.5,25,17,5.8,0,26.2,26.2,26.1,0.00
2022-04-30,75,59.4,41,45,40.5,30,93,55.3,20,13,4.3,0,26.2,26.1,26.0,0.00
2022-05-01,59,54.7,52,50,47.0,41,88,75.3,58,17,5.0,0,26.0,26.0,26.0,0.00
2022-05-02,64,56.1,48,45,41.8,37,82,60.3,37,18,9.2,0,26.1,26.1,26.0,0.00
2022-05-03,64,55.5,43,46,43.2,41,93,65.2,42,20,4.1,0,26.1,26.1,26.0,0.00
2022-05-04,72,55.9,41,48,44.7,39,94,71.1,31,33,8.4,1,26.1,26.0,25.9,0.00
2022-05-05,52,48.5,45,48,44.5,41,100,85.9,67,21,6.1,0,26.1,26.0,25.9,0.00
2022-05-06,55,47.1,41,45,40.3,37,93,78.1,54,14,4.2,1,26.1,26.0,26.0,0.00
2022-05-07,61,51.7,46,43,40.7,37,87,66.8,45,15,7.0,0,26.1,26.1,26.0,0.00
2022-05-08,61,53.6,46,41,37.7,36,71,56.2,39,16,11.4,6,26.2,26.2,26.1,0.00
2022-05-09,59,53.3,48,41,38.0,36,76,57.1,45,15,7.6,0,26.2,26.1,26.1,0.00
2022-05-10,64,53.7,45,39,35.0,30,71,51.2,28,12,7.6,2,26.2,26.2,26.1,0.00
2022-05-11,68,53.2,36,39,32.9,21,93,52.3,19,14,5.0,0,26.2,26.2,26.1,0.00
2022-05-12,64,55.4,46,41,32.1,25,76,44.4,24,17,10.2,2,26.3,26.2,26.2,0.00
2022-05-13,70,52.9,34,39,30.8,25,87,48.5,21,15,3.3,0,26.4,26.3,26.2,0.00
2022-05-14,75,58.5,36,43,37.9,34,93,52.0,23,6,2.7,0,26.3,26.2,26.2,0.00
2022-05-15,73,58.8,45,52,46.2,41,94,66.8,33,18,4.2,0,26.2,26.2,26.1,0.00
2022-05-16,66,56.9,46,52,42.5,39,100,60.8,40,21,11.3,1,26.2,26.2,26.1,0.00
2022-05-17,70,55.0,39,41,38.9,34,100,60.4,27,13,4.2,1,26.2,26.2,26.1,0.00
2022-05-18,75,58.3,41,43,40.3,36,93,55.5,25,9,2.5,1,26.2,26.1,26.1,0.00
2022-05-19,73,56.2,39,50,44.0,39,100,68.6,31,22,7.7,0,26.2,26.1,26.1,0.00
2022-05-20,61,50.8,45,48,35.9,30,94,58.5,36,21,13.4,1,26.4,26.3,26.2,0.00
2022-05-21,68,52.2,34,45,35.5,27,93,57.7,21,13,2.9,0,26.4,26.3,26.2,0.00
2022-05-22,77,59.9,36,45,39.9,36,100,54.6,22,12,4.3,0,26.2,26.1,25.9,0.00
2022-05-23,63,55.2,45,48,42.8,36,77,63.5,48,23,12.5,1,26.0,25.9,25.8,0.00
2022-05-24,55,49.9,41,46,41.8,36,87,73.9,58,17,8.1,1,26.2,26.1,26.0,0.00
2022-05-25,68,53.8,36,43,37.7,34,100,59.0,28,12,4.3,0,26.3,26.2,26.2,0.00
2022-05-26,75,57.5,39,43,37.2,32,93,52.6,21,7,3.4,0,26.3,26.3,26.2,0.00
2022-05-27,79,62.2,41,48,43.5,36,87,54.1,28,12,4.5,0,26.3,26.2,26.1,0.00
2022-05-28,81,67.4,46,57,47.8,41,100,52.9,26,14,5.5,1,26.2,26.1,26.1,0.00
2022-05-29,84,69.0,50,54,47.3,37,88,50.1,20,9,2.9,1,26.2,26.2,26.1,0.00
2022-05-30,86,68.5,50,54,48.5,41,88,54.0,20,9,3.1,0,26.2,26.2,26.1,0.00
2022-05-31,82,69.6,55,55,48.4,39,77,49.9,24,22,7.5,0,26.3,26.2,26.1,0.00
2022-06-01,84,70.1,50,61,50.0,37,94,54.0,20,25,6.0,1,26.2,26.2,26.1,0.00
2022-06-02,86,70.1,50,59,52.9,46,88,57.3,35,9,3.6,1,26.2,26.2,26.2,0.00
2022-06-03,93,77.9,63,55,48.2,43,64,37.2,20,18,7.8,0,26.2,26.2,26.1,0.00
2022-06-04,93,76.3,57,55,46.2,37,72,39.0,15,14,7.0,1,26.1,26.1,26.0,0.00
2022-06-05,88,71.3,50,48,40.3,32,76,38.5,15,13,3.8,1,26.1,26.1,26.0,0.00
2022-06-06,86,69.9,46,54,42.8,34,87,43.1,16,17,5.6,0,26.0,26.0,25.9,0.00
2022-06-07,82,68.2,54,54,47.9,41,77,50.4,28,16,5.1,1,26.0,26.0,26.0,0.00
2022-06-08,82,69.1,50,55,51.0,45,100,56.9,26,14,5.5,0,26.0,26.0,26.0,0.00
2022-06-09,81,66.4,55,57,53.3,48,94,66.9,32,17,6.0,1,26.1,26.0,26.0,0.00
2022-06-10,84,66.8,48,55,50.3,43,100,62.1,25,17,5.0,1,26.1,26.1,26.0,0.00
2022-06-11,86,70.2,52,57,50.5,43,88,54.8,22,13,3.8,2,26.2,26.1,26.0,0.00
2022-06-12,84,71.3,57,57,48.9,39,88,49.1,24,16,7.4,0,26.0,25.9,25.8,0.00
2022-06-13,79,65.7,50,52,47.5,41,82,54.2,32,21,7.0,1,26.0,25.9,25.8,0.00
2022-06-14,75,64.8,55,57,54.0,50,94,70.0,44,14,6.4,1,26.2,26.0,26.0,0.00
2022-06-15,73,64.5,52,55,52.3,48,100,67.2,43,16,6.9,1,26.2,26.2,26.1,0.00
2022-06-16,81,67.9,52,59,50.3,46,94,56.8,32,10,4.7,0,26.2,26.2,26.1,0.00
2022-06-17,86,70.7,54,59,53.1,48,94,58.1,28,12,3.4,1,26.2,26.1,26.1,0.00
2022-06-18,88,73.2,55,55,52.3,46,88,51.7,25,9,3.8,1,26.1,26.1,26.0,0.00
2022-06-19,93,75.0,55,55,50.2,39,82,47.2,16,18,5.6,1,26.1,26.1,26.0,0.00
2022-06-20,90,74.8,57,55,52.5,50,88,49.3,26,15,4.0,0,26.1,26.1,26.0,0.00
2022-06-21,90,70.9,55,55,52.2,45,88,55.8,21,26,8.6,1,26.0,25.9,25.7,0.00
2022-06-22,70,63.2,57,55,51.0,48,82,65.1,49,21,14.8,10,26.0,25.9,25.9,0.00
2022-06-23,81,65.5,50,50,46.5,41,94,54.2,26,16,6.5,1,26.1,26.0,26.0,0.00
2022-06-24,72,60.2,46,54,48.5,43,100,68.2,40,28,5.4,0,26.1,26.0,26.0,0.00
2022-06-25,66,58.6,52,57,54.4,52,100,87.3,60,9,3.1,1,26.1,26.0,26.0,0.00
2022-06-26,70,61.8,55,55,52.3,48,100,73.0,49,16,7.0,0,26.0,26.0,26.0,0.00
2022-06-27,77,64.7,52,52,48.5,45,94,58.5,38,15,7.0,2,26.1,26.0,26.0,0.00
2022-06-28,81,67.4,50,54,48.9,46,94,56.6,30,9,2.6,0,26.1,26.0,26.0,0.00
2022-06-29,86,69.3,52,55,51.0,46,94,57.7,27,5,2.1,1,26.1,26.1,26.0,0.00
2022-06-30,88,71.5,52,55,50.0,43,94,53.6,21,3,2.0,0,26.1,26.0,26.0,0.00
2022-07-01,90,72.5,55,59,53.0,43,82,54.5,21,30,8.5,1,26.0,26.0,25.9,0.00
2022-07-02,79,69.6,59,57,50.9,43,88,54.2,36,29,12.2,1,26.1,26.1,26.0,0.00
2022-07-03,81,66.1,50,45,41.3,37,76,43.6,21,23,10.0,1,26.2,26.1,26.0,0.00
2022-07-04,82,65.6,43,46,40.8,36,87,45.6,20,14,4.6,1,26.2,26.1,26.0,0.00
2022-07-05,86,70.2,48,50,46.1,39,87,47.3,19,14,3.4,2,26.1,26.1,26.0,0.00
2022-07-06,88,72.8,52,55,47.5,41,88,46.3,19,8,2.0,0,26.1,26.0,26.0,0.00
2022-07-07,91,76.1,55,54,48.1,43,77,41.1,20,8,2.9,1,26.1,26.0,26.0,0.00
2022-07-08,84,73.6,61,55,52.5,48,77,49.4,30,17,5.7,1,26.1,26.0,26.0,0.00
2022-07-09,91,73.6,55,57,52.0,45,88,52.3,21,7,2.9,1,26.1,26.0,25.9,0.00
2022-07-10,95,77.1,57,55,47.9,37,82,43.0,14,13,4.3,0,25.9,25.8,25.8,0.00
2022-07-11,88,76.6,64,57,55.0,54,73,48.9,33,22,12.6,5,26.1,26.0,25.9,0.00
2022-07-12,90,74.7,57,57,53.8,48,82,51.3,24,17,6.5,0,26.2,26.1,26.0,0.00
2022-07-13,90,76.1,63,59,54.8,48,72,49.4,24,20,9.3,1,26.1,26.1,26.0,0.00
2022-07-14,84,73.4,63,57,52.9,48,68,49.3,37,21,11.4,0,26.1,26.1,26.0,0.00
2022-07-15,97,75.3,54,59,53.3,48,94,50.8,22,9,2.4,1,26.1,26.0,25.9,0.00
2022-07-16,91,77.1,66,59,55.4,54,68,48.4,29,18,11.7,0,26.1,26.0,26.0,0.00
2022-07-17,86,74.3,66,57,54.2,52,64,50.3,35,18,11.3,0,26.1,26.1,26.0,0.00
2022-07-18,88,75.9,64,57,55.0,54,73,50.0,35,21,8.6,0,26.2,26.1,26.0,0.00
2022-07-19,93,75.6,57,59,55.5,52,88,53.0,26,20,5.8,0,26.2,26.1,26.0,0.00
2022-07-20,93,76.4,61,57,53.5,48,77,47.8,21,18,7.9,1,26.1,26.1,25.9,0.00
2022-07-21,84,71.8,57,55,52.0,50,77,50.4,35,20,11.1,1,26.1,26.0,26.0,0.00
2022-07-22,84,72.0,61,54,49.3,46,77,46.5,28,16,7.9,1,26.1,26.1,26.0,0.00
2022-07-23,82,70.6,54,48,42.6,37,77,39.9,20,18,10.1,0,26.2,26.1,26.0,0.00
2022-07-24,79,66.8,57,46,43.0,41,59,43.2,28,21,11.4,1,26.1,26.1,26.0,0.00
2022-07-25,86,67.5,46,48,44.5,41,87,46.9,22,14,3.5,1,26.1,26.1,26.0,0.00
2022-07-26,90,71.6,50,52,48.3,43,88,49.3,20,18,5.5,0,26.0,26.0,25.9,0.00
2022-07-27,90,74.4,55,54,49.1,39,82,45.0,19,15,5.6,1,26.1,26.0,26.0,0.00
2022-07-28,97,76.8,54,52,44.1,21,82,39.0,7,13,4.2,1,26.1,26.1,26.0,0.00
2022-07-29,97,77.0,54,50,41.2,25,82,34.8,8,10,2.8,0,26.1,26.1,26.0,0.00
2022-07-30,99,79.2,52,48,40.7,27,77,31.9,8,14,4.4,0,26.1,26.0,26.0,0.00
2022-07-31,97,77.5,52,50,42.6,37,82,34.5,13,15,3.0,1,26.0,26.0,25.9,0.00
2022-08-01,95,78.0,57,50,46.0,39,72,37.1,14,17,5.0,1,26.0,26.0,25.9,0.00
2022-08-02,95,79.7,57,50,45.8,41,72,33.3,16,16,4.5,2,26.1,26.0,26.0,0.00
2022-08-03,95,79.3,59,57,49.2,39,72,38.9,14,16,5.0,0,26.1,26.1,26.0,0.00
2022-08-04,97,80.7,63,59,54.4,50,82,44.6,20,16,5.2,2,26.1,26.1,26.0,0.00
2022-08-05,99,80.2,61,57,52.5,48,77,41.9,18,20,6.8,1,26.1,26.1,26.0,0.00
2022-08-06,95,78.1,59,57,51.7,39,82,44.8,14,13,5.2,2,26.1,26.0,25.9,0.00
2022-08-07,93,76.9,55,55,51.3,43,82,45.3,17,14,5.0,0,26.0,25.9,25.9,0.00
2022-08-08,91,77.8,61,57,54.0,48,82,47.3,23,14,4.8,1,26.0,26.0,26.0,0.00
2022-08-09,95,78.8,63,59,55.1,46,82,48.8,23,9,2.9,1,26.1,26.0,25.9,0.00
2022-08-10,95,79.7,59,59,52.0,41,82,43.2,15,15,4.8,0,26.0,25.9,25.9,0.00
2022-08-11,95,79.8,63,61,56.4,50,82,48.3,22,17,6.0,0,26.0,26.0,25.9,0.00
2022-08-12,93,79.0,63,59,57.0,54,77,49.4,31,17,8.0,2,26.1,26.0,26.0,0.00
2022-08-13,95,79.5,61,59,55.9,45,88,48.8,18,14,5.1,1,26.1,26.0,25.9,0.00
2022-08-14,97,80.2,64,59,54.6,43,77,45.8,19,12,3.2,0,26.0,25.9,25.9,0.00
2022-08-15,95,79.5,59,59,48.7,41,83,41.0,15,15,4.2,0,26.0,26.0,25.9,0.00
2022-08-16,95,78.9,61,59,51.8,45,68,42.7,18,15,4.4,1,26.1,26.1,26.0,0.00
2022-08-17,97,80.5,64,63,56.3,45,77,48.0,18,17,5.4,1,26.1,26.0,26.0,0.00
2022-08-18,97,81.0,66,61,56.8,46,73,47.3,18,16,6.3,1,26.1,26.0,25.9,0.00
2022-08-19,93,77.8,63,59,53.4,41,82,45.8,22,22,8.2,0,26.0,26.0,25.9,0.00
2022-08-20,91,74.7,59,52,49.0,43,72,44.3,20,12,4.3,1,26.0,26.0,26.0,0.00
2022-08-21,91,73.0,55,59,50.2,45,82,49.0,22,6,2.3,0,26.1,26.0,25.9,0.00
2022-08-22,93,79.0,63,52,45.4,39,56,33.2,17,15,4.3,0,26.1,26.0,26.0,0.00
2022-08-23,93,76.5,57,52,47.4,41,77,40.6,18,10,3.3,0,26.1,26.1,26.0,0.00
2022-08-24,95,75.9,55,55,50.2,45,82,45.1,21,9,3.3,1,26.1,26.1,26.0,0.00
2022-08-25,97,77.3,57,52,46.3,39,82,40.4,15,22,6.6,0,26.1,26.0,26.0,0.00
2022-08-26,97,78.3,61,50,40.6,30,59,31.3,10,21,8.4,2,26.0,26.0,26.0,0.00
2022-08-27,95,75.0,54,45,36.9,25,62,30.5,8,9,3.4,0,26.1,26.1,26.0,0.00
2022-08-28,95,71.8,46,45,36.6,23,82,37.4,9,6,2.1,1,26.2,26.1,26.1,0.00
2022-08-29,93,72.8,48,54,42.7,34,71,38.9,14,12,3.3,0,26.2,26.2,26.1,0.00
2022-08-30,95,74.5,54,54,49.7,39,82,47.6,14,5,1.8,0,26.3,26.2,26.1,0.00
2022-08-31,97,74.8,54,50,45.2,37,82,43.0,13,14,2.7,0,26.2,26.1,26.1,0.00
2022-09-01,97,75.7,55,50,45.1,32,77,40.0,12,12,2.3,0,26.2,26.1,26.1,0.00
2022-09-02,97,75.6,55,50,44.3,37,72,38.3,13,14,3.9,0,26.2,26.2,26.1,0.00
2022-09-03,95,75.5,54,50,45.6,39,82,40.0,14,13,4.1,1,26.2,26.2,26.1,0.00
2022-09-04,95,76.4,55,55,47.8,36,82,42.0,12,17,6.7,0,26.2,26.1,26.1,0.00
2022-09-05,88,72.3,55,55,52.5,48,88,52.6,29,17,7.0,1,26.2,26.1,26.0,0.00
2022-09-06,79,69.5,63,50,48.0,45,56,46.8,36,18,12.1,2,26.1,26.1,26.0,0.00
2022-09-07,77,65.5,54,45,42.8,39,59,44.8,29,16,9.5,5,26.2,26.1,26.1,0.00
2022-09-08,79,62.0,45,43,39.7,36,81,48.5,21,6,2.2,0,26.2,26.2,26.1,0.00
2022-09-09,84,63.5,45,43,38.0,27,87,46.8,12,13,2.3,0,26.3,26.2,26.2,0.00
2022-09-10,88,64.8,43,41,36.5,32,76,41.4,14,7,2.0,0,26.3,26.2,26.1,0.00
2022-09-11,88,65.6,45,43,37.5,28,87,43.4,12,7,2.3,0,26.2,26.1,26.0,0.00
2022-09-12,90,71.3,46,46,39.6,32,82,37.5,14,14,3.2,0,26.1,26.0,25.9,0.00
2022-09-13,86,68.7,54,57,47.6,37,94,50.9,23,29,9.2,1,26.1,25.9,25.9,0.00
2022-09-14,75,62.3,52,57,49.6,41,100,68.9,29,12,3.8,0,26.2,26.1,26.1,0.00
2022-09-15,81,61.1,46,50,44.0,34,100,61.2,18,7,1.8,0,26.2,26.2,26.2,0.00
2022-09-16,86,65.3,45,54,46.0,41,93,55.7,22,5,1.5,0,26.2,26.2,26.1,0.00
2022-09-17,90,68.9,50,52,48.1,39,94,55.4,17,3,1.7,1,26.2,26.1,26.1,0.00
2022-09-18,91,70.0,50,52,45.5,37,94,50.4,15,6,1.6,0,26.1,26.1,26.0,0.00
2022-09-19,93,69.8,46,48,41.8,32,93,45.6,12,13,3.6,1,26.1,26.0,26.0,0.00
2022-09-20,88,69.5,48,48,44.1,37,88,46.6,17,28,7.3,0,26.1,26.1,26.0,0.00
2022-09-21,84,70.0,59,55,47.3,37,82,49.0,19,18,8.5,1,26.1,26.0,25.9,0.00
2022-09-22,73,59.7,50,57,52.4,46,100,79.4,43,8,3.1,0,26.1,26.0,26.0,0.00
2022-09-23,72,62.7,55,50,46.6,41,82,57.6,33,17,6.3,0,26.1,26.1,26.0,0.00
2022-09-24,75,59.9,46,48,44.2,37,88,61.3,25,18,7.2,0,26.3,26.2,26.1,0.00
2022-09-25,70,51.4,36,43,37.2,28,100,66.0,25,5,1.8,1,26.4,26.3,26.3,0.00
2022-09-26,77,54.5,34,45,35.9,27,100,59.6,17,2,1.3,0,26.4,26.3,26.2,0.00
2022-09-27,82,56.8,36,45,35.1,25,100,55.6,12,2,1.5,0,26.2,26.2,26.1,0.00
2022-09-28,84,59.9,39,41,33.8,19,93,48.8,9,7,1.8,0,26.1,26.1,26.0,0.00
2022-09-29,82,64.0,43,45,40.2,36,87,46.8,21,13,4.7,1,26.2,26.1,26.1,0.00
2022-09-30,81,65.6,46,48,42.4,37,93,48.4,21,14,6.2,0,26.3,26.3,26.2,0.00
2022-10-01,81,65.0,48,46,40.6,32,82,46.4,17,14,5.9,1,26.4,26.3,26.3,0.00
2022-10-02,81,60.0,43,45,41.2,34,93,56.0,18,5,1.4,0,26.3,26.1,26.0,0.00
2022-10-03,79,63.1,46,52,46.6,39,81,57.4,32,23,5.3,2,26.1,26.0,26.0,0.00
2022-10-04,86,69.3,54,52,42.3,30,88,45.1,15,20,9.8,0,26.2,26.1,26.1,0.00
2022-10-05,81,69.1,57,46,41.8,34,59,40.0,18,14,4.7,1,26.2,26.2,26.2,0.00
2022-10-06,79,62.7,45,48,45.6,41,87,56.9,32,14,2.8,0,26.3,26.3,26.2,0.00
2022-10-07,84,62.0,43,46,43.0,36,100,56.4,18,6,1.9,1,26.3,26.2,26.2,0.00
2022-10-08,72,60.5,50,55,49.0,41,94,69.1,41,18,7.9,0,26.2,26.2,26.1,0.00
2022-10-09,64,56.5,52,52,48.0,43,94,74.2,55,23,7.9,1,26.2,26.1,26.1,0.00
2022-10-10,64,54.8,43,46,44.6,41,93,70.3,45,10,4.5,0,26.4,26.3,26.2,0.00
2022-10-11,70,55.0,43,48,42.2,36,100,67.6,30,7,1.8,1,26.4,26.3,26.3,0.00
2022-10-12,70,52.2,36,43,36.7,23,93,63.6,17,2,1.1,0,26.3,26.3,26.2,0.00
2022-10-13,73,55.6,45,43,38.1,30,87,57.3,22,9,2.8,0,26.2,26.2,26.1,0.00
2022-10-14,70,54.9,37,45,42.0,36,93,65.0,38,6,1.9,0,26.2,26.2,26.1,0.00
2022-10-15,61,55.5,48,54,50.8,45,100,85.0,55,21,4.7,0,26.2,26.2,26.1,0.00
2022-10-16,72,56.5,45,52,49.4,43,100,80.3,43,2,1.0,0,26.3,26.3,26.2,0.00
2022-10-17,72,56.0,45,52,48.4,45,100,80.0,41,12,3.1,1,26.4,26.4,26.3,0.00
2022-10-18,70,56.6,46,52,49.3,45,100,79.5,40,14,3.1,0,26.4,26.4,26.3,0.00
2022-10-19,75,62.2,48,50,41.1,28,87,51.6,21,13,4.9,1,26.3,26.2,26.1,0.00
2022-10-20,66,56.3,48,54,48.0,41,94,75.6,46,18,7.5,0,26.2,26.1,26.1,0.00
2022-10-21,57,51.7,46,48,40.8,34,94,67.6,41,13,6.4,2,26.3,26.2,26.2,0.00
2022-10-22,61,47.3,36,43,37.6,36,100,72.2,42,12,1.9,0,26.4,26.4,26.3,0.00
2022-10-23,64,45.8,32,43,36.0,30,100,74.3,30,5,1.3,0,26.4,26.4,26.3,0.00
2022-10-24,66,50.7,36,39,35.5,30,100,61.9,26,12,4.5,0,26.4,26.3,26.2,0.00
2022-10-25,63,46.1,32,39,35.4,30,100,70.9,30,5,1.8,0,26.4,26.3,26.3,0.00
2022-10-26,63,44.6,28,41,33.1,28,100,70.4,27,6,1.4,0,26.4,26.3,26.3,0.00
2022-10-27,68,51.7,34,39,36.3,30,100,62.0,26,14,5.7,1,26.4,26.3,26.3,0.00
2022-10-28,63,48.9,36,39,33.4,28,93,59.5,30,16,5.2,0,26.4,26.4,26.3,0.00
2022-10-29,61,43.1,28,34,30.2,25,93,66.0,27,5,1.5,0,26.4,26.3,26.3,0.00
2022-10-30,66,42.5,27,34,29.4,27,100,67.0,24,3,1.0,0,26.4,26.3,26.2,0.00
2022-10-31,68,47.4,28,34,28.2,21,100,55.4,24,14,4.9,1,26.3,26.2,26.1,0.00
2022-11-01,59,51.8,37,36,30.8,23,75,46.5,29,12,9.8,2,26.3,26.2,26.2,0.00
2022-11-02,59,41.8,27,30,27.7,25,100,63.0,27,2,1.6,0,26.3,26.3,26.2,0.00
2022-11-03,64,46.5,28,32,27.5,23,93,53.8,25,14,4.2,0,26.3,26.2,26.2,0.00
2022-11-04,64,48.7,34,34,31.6,30,87,55.1,30,9,3.1,1,26.3,26.2,26.2,0.00
2022-11-05,63,46.2,30,34,30.5,27,93,60.3,27,16,4.5,1,26.3,26.3,26.2,0.00
2022-11-06,66,44.8,28,34,29.8,27,93,61.3,26,5,1.6,0,26.3,26.3,26.2,0.00
2022-11-07,55,44.2,27,41,33.5,25,93,69.3,38,18,4.0,0,26.3,26.2,26.2,0.00
2022-11-08,54,48.8,45,43,40.9,39,93,75.5,62,10,4.3,0,26.2,26.2,26.2,0.00
2022-11-09,57,49.2,41,43,41.8,39,100,76.8,51,6,2.0,0,26.2,26.2,26.1,0.00
2022-11-10,61,48.6,39,45,40.4,37,100,76.7,45,9,2.8,0,26.4,26.3,26.2,0.00
2022-11-11,59,45.3,34,43,37.4,30,100,77.1,39,3,1.2,0,26.4,26.4,26.4,0.00
2022-11-12,59,40.5,28,37,32.5,28,100,77.4,39,2,1.2,0,26.5,26.4,26.4,0.00
2022-11-13,59,38.8,23,32,28.7,23,100,72.5,33,2,1.0,0,26.5,26.4,26.4,0.00
2022-11-14,59,38.0,23,32,28.0,23,100,72.2,31,2,1.4,0,26.4,26.3,26.2,0.00
2022-11-15,59,36.9,23,32,27.1,21,100,73.4,31,2,0.6,0,26.3,26.3,26.2,0.00
2022-11-16,52,39.5,27,37,31.5,25,93,74.4,54,15,4.4,1,26.2,26.1,26.1,0.00
2022-11-17,55,42.5,32,39,32.8,28,100,71.6,41,6,1.8,0,26.2,26.1,26.1,0.00
2022-11-18,59,44.9,32,43,35.0,28,93,71.0,42,3,1.6,0,26.3,26.2,26.2,0.00
2022-11-19,55,46.2,37,46,41.6,37,100,85.4,58,8,1.8,0,26.5,26.4,26.3,0.00
2022-11-20,61,41.8,30,43,36.7,30,100,85.0,48,3,1.8,0,26.5,26.5,26.4,0.00
2022-11-21,55,40.6,30,39,35.4,30,100,83.7,54,3,0.9,0,26.4,26.3,26.2,0.00
2022-11-22,63,51.9,39,37,32.3,28,81,49.6,27,16,7.7,2,26.3,26.2,26.2,0.00
2022-11-23,63,49.7,37,39,34.7,30,87,60.0,30,15,4.5,0,26.3,26.3,26.2,0.00
2022-11-24,64,48.4,34,39,34.9,28,87,63.3,34,30,14.6,1,26.2,26.1,26.1,0.00
2022-11-25,54,48.6,43,41,37.9,37,87,67.4,54,21,10.2,0,26.1,26.0,26.0,0.00
2022-11-26,50,45.9,43,43,37.9,34,93,74.0,62,18,9.3,2,26.2,26.1,26.0,0.00
2022-11-27,54,40.7,28,37,31.8,27,93,73.3,44,12,2.1,0,26.3,26.3,26.2,0.00
2022-11-28,55,37.6,25,34,29.3,25,100,75.7,41,7,2.4,1,26.3,26.3,26.2,0.00
2022-11-29,52,38.4,27,32,30.3,27,100,75.0,47,5,1.8,1,26.3,26.3,26.3,0.00
2022-11-30,50,41.9,34,43,37.8,30,100,85.6,66,5,2.3,1,26.3,26.3,26.2,0.00
2022-12-01,50,42.5,30,41,37.3,30,100,83.4,62,3,1.0,0,26.4,26.4,26.3,0.00
2022-12-02,50,44.2,36,41,39.5,36,100,84.5,66,3,1.6,0,26.3,26.3,26.3,0.00
2022-12-03,50,40.3,30,45,37.1,30,100,89.4,66,3,1.2,0,26.4,26.3,26.3,0.00
2022-12-04,55,36.6,27,39,31.0,25,100,83.0,44,5,1.0,0,26.4,26.4,26.3,0.00
2022-12-05,52,34.6,23,36,28.6,21,100,81.4,47,2,0.9,0,26.4,26.3,26.2,0.00
2022-12-06,46,35.4,28,32,29.9,27,100,81.7,57,2,0.9,0,26.3,26.3,26.2,0.00
2022-12-07,46,35.9,25,37,33.3,25,100,90.3,66,10,1.9,0,26.3,26.3,26.2,0.00
2022-12-08,46,37.6,30,37,33.9,30,100,87.3,62,2,0.8,0,26.4,26.3,26.3,0.00
2022-12-09,50,37.6,28,37,32.2,27,100,82.8,54,3,0.8,0,26.4,26.4,26.3,0.00
2022-12-10,50,35.0,25,34,29.5,25,100,82.8,47,3,0.9,0,26.4,26.3,26.3,0.00
2022-12-11,45,36.8,27,34,30.1,25,93,77.8,57,5,1.1,0,26.3,26.3,26.2,0.00
2022-12-12,48,41.5,36,39,35.3,32,93,78.8,57,9,2.1,0,26.2,26.2,26.1,0.00
2022-12-13,46,41.2,37,41,37.5,36,100,88.2,66,2,0.8,0,26.2,26.1,26.1,0.00
2022-12-14,50,42.7,34,39,36.0,32,100,78.8,62,20,5.9,1,26.2,26.2,26.2,0.00
2022-12-15,50,44.7,39,41,38.2,36,93,79.2,66,9,2.1,0,26.3,26.3,26.2,0.00
2022-12-16,54,42.3,30,45,39.5,30,100,90.3,67,2,1.1,0,26.4,26.4,26.3,0.00
2022-12-17,52,34.6,25,41,31.6,25,100,90.6,54,3,0.8,0,26.5,26.5,26.4,0.00
2022-12-18,48,32.4,21,39,29.1,21,100,89.6,57,3,0.8,0,26.5,26.5,26.4,0.00
2022-12-19,36,29.3,23,36,28.8,21,100,98.1,93,2,0.2,0,26.5,26.4,26.4,0.00
2022-12-20,34,31.6,28,34,31.6,27,100,99.8,93,5,1.1,0,26.4,26.3,26.3,0.00
2022-12-21,43,32.5,27,37,30.7,27,100,93.4,70,5,1.0,0,26.3,26.3,26.2,0.00
2022-12-22,45,34.1,27,36,30.8,25,100,89.4,57,6,1.1,0,26.3,26.3,26.2,0.00
2022-12-23,43,30.1,21,30,25.9,19,100,87.0,57,2,0.9,0,26.2,26.2,26.2,0.00
2022-12-24,39,28.8,19,34,25.3,19,100,88.0,61,6,0.9,0,26.2,26.1,26.1,0.00
2022-12-25,37,34.0,32,28,25.4,23,87,71.0,60,7,1.3,0,26.2,26.2,26.2,0.00
2022-12-26,41,34.0,28,28,26.6,23,93,75.5,49,3,1.5,0,26.4,26.3,26.2,0.00
2022-12-27,45,31.8,23,28,25.2,21,93,78.8,46,2,0.9,0,26.4,26.4,26.4,0.00
2022-12-28,39,31.5,23,28,26.1,21,93,81.3,61,5,1.5,0,26.4,26.4,26.4,0.00
2022-12-29,46,31.8,21,30,24.8,19,100,78.5,43,3,1.0,0,26.5,26.4,26.4,0.00
2022-12-30,45,26.6,16,25,19.3,14,100,77.2,39,2,1.0,0,26.6,26.5,26.5,0.00
2022-12-31,45,25.0,12,23,17.0,10,100,75.8,34,2,0.7,0,26.6,26.5,26.5,0.00
2023-01-01,45,23.8,12,19,14.2,7,93,72.0,29,2,0.7,0,26.6,26.6,26.6,0.00
2023-01-02,45,24.3,10,21,13.6,9,93,68.8,29,2,0.6,0,26.6,26.6,26.5,0.00
2023-01-03,48,26.8,14,21,14.9,7,93,66.5,25,2,0.8,0,26.6,26.5,26.4,0.00
2023-01-04,46,25.0,12,18,13.7,7,93,67.1,29,1,0.2,0,26.4,26.3,26.2,0.00
2023-01-05,50,27.9,0,25,17.8,0,86,62.0,0,10,1.6,0,26.3,25.2,0.0,0.00
2023-01-06,45,31.1,14,34,24.0,12,100,77.5,46,9,1.5,0,26.2,26.2,26.1,0.00
2023-01-07,41,35.2,30,37,29.9,21,100,82.6,57,13,4.0,0,26.3,26.3,26.2,0.00
2023-01-08,41,33.2,27,27,25.1,21,93,72.8,49,14,4.9,0,26.3,26.2,26.2,0.00
2023-01-09,39,29.0,18,25,17.0,10,93,63.2,33,7,1.6,0,26.4,26.3,26.2,0.00
2023-01-10,37,23.1,12,19,15.0,10,93,74.6,38,2,0.5,0,26.4,26.4,26.4,0.00
2023-01-11,39,22.9,10,18,13.9,9,93,72.3,36,2,0.9,0,26.5,26.4,26.4,0.00
2023-01-12,39,24.3,12,19,14.7,9,93,70.7,33,2,0.5,0,26.4,26.4,26.3,0.00
2023-01-13,45,29.6,18,21,17.3,14,93,64.0,31,12,2.5,0,26.3,26.3,26.2,0.00
2023-01-14,41,30.3,18,27,21.5,14,93,70.8,49,7,1.1,0,26.3,26.3,26.2,0.00
2023-01-15,48,33.0,21,28,25.0,18,93,74.8,46,2,1.0,0,26.3,26.3,26.2,0.00
2023-01-16,43,29.4,16,28,22.8,14,100,78.2,53,2,0.8,0,26.3,26.2,26.2,0.00
2023-01-17,50,35.9,25,32,28.2,23,93,75.6,47,6,1.2,0,26.3,26.3,26.2,0.00
2023-01-18,50,34.3,25,30,26.5,23,100,75.8,47,2,0.6,0,26.4,26.3,26.3,0.00
2023-01-19,52,32.5,19,28,24.4,18,100,76.3,41,5,1.3,0,26.4,26.4,26.4,0.00
2023-01-20,54,31.9,18,27,23.1,18,100,74.7,35,2,1.1,0,26.4,26.3,26.2,0.00
2023-01-21,52,34.8,19,30,23.0,18,93,66.8,33,3,1.0,0,26.4,26.3,26.3,0.00
2023-01-22,52,30.9,16,25,20.4,9,93,69.5,33,6,0.7,0,26.4,26.3,26.3,0.00
2023-01-23,48,28.9,16,23,18.9,14,93,70.5,34,2,1.1,0,26.4,26.4,26.3,0.00
2023-01-24,45,27.4,14,23,17.7,5,100,71.0,39,2,1.3,0,26.4,26.4,26.3,0.00
2023-01-25,45,28.5,18,21,17.3,12,93,67.1,37,3,1.4,0,26.4,26.3,26.2,0.00
2023-01-26,45,28.6,18,21,13.5,9,93,59.0,23,5,1.5,0,26.3,26.3,26.2,0.00
2023-01-27,45,27.2,12,18,11.2,7,86,55.9,23,5,1.8,1,26.4,26.3,26.2,0.00
2023-01-28,43,37.0,32,27,22.5,12,80,56.3,41,15,7.4,1,26.2,26.1,26.1,0.00
2023-01-29,43,35.0,30,32,28.7,27,100,79.4,57,10,3.0,0,26.1,26.1,26.0,0.00
2023-01-30,50,33.0,19,27,22.1,18,100,67.8,35,7,2.4,0,26.1,26.0,25.9,0.00
2023-01-31,45,30.9,19,23,20.4,16,93,68.5,37,8,1.9,0,25.9,25.9,25.8,0.00
2023-02-01,43,33.3,23,28,24.0,19,86,69.6,52,14,4.6,0,25.9,25.9,25.8,0.00
2023-02-02,34,30.9,28,32,23.0,18,100,73.7,56,20,12.3,2,26.2,26.0,25.9,0.00
2023-02-03,28,21.3,9,16,12.2,5,85,68.6,55,18,4.9,0,26.3,26.3,26.2,0.00
2023-02-04,30,20.1,9,21,14.1,5,92,78.0,64,15,4.9,0,26.2,26.1,26.0,0.00
2023-02-05,30,24.0,14,25,19.6,10,93,84.1,69,2,1.6,0,26.0,26.0,25.9,0.00
2023-02-06,37,32.9,27,32,29.8,25,100,88.5,81,26,11.4,1,25.9,25.8,25.7,0.00
2023-02-07,34,29.6,27,32,22.0,14,93,74.0,59,20,15.4,10,26.0,25.9,25.7,0.00
2023-02-08,28,23.8,16,14,13.2,12,86,65.0,51,16,8.0,1,26.3,26.1,26.0,0.00
2023-02-09,28,17.5,9,16,11.2,7,93,77.6,55,2,1.6,0,26.4,26.4,26.3,0.00
2023-02-10,25,13.2,3,12,6.5,0,92,76.0,59,2,1.8,0,26.5,26.5,26.4,0.00
2023-02-11,23,12.2,1,12,5.8,0,92,77.1,59,5,1.3,0,26.5,26.4,26.4,0.00
2023-02-12,21,9.5,0,9,2.6,-6,92,74.6,58,3,2.0,1,26.4,26.3,26.3,0.00
2023-02-13,23,10.7,1,10,4.0,-2,85,74.4,54,3,1.5,0,26.4,26.4,26.4,0.00
2023-02-14,25,12.5,1,9,4.3,-2,92,70.6,50,6,2.3,0,26.4,26.3,26.2,0.00
2023-02-15,25,15.5,9,14,9.2,3,93,77.2,63,3,1.3,0,26.2,26.2,26.1,0.00
2023-02-16,30,23.7,12,19,15.1,10,92,70.7,55,17,9.7,1,26.4,26.3,26.2,0.00
2023-02-17,34,26.7,14,18,13.8,10,93,60.7,38,9,3.5,0,26.4,26.4,26.4,0.00
2023-02-18,32,20.3,9,18,13.3,5,92,75.2,51,2,1.6,0,26.4,26.4,26.4,0.00
2023-02-19,30,26.5,23,28,23.9,16,100,90.0,74,2,1.0,0,26.4,26.3,26.3,0.00
2023-02-20,43,32.3,27,32,29.5,25,100,90.0,57,9,2.6,0,26.4,26.2,26.1,0.00
2023-02-21,45,36.9,32,32,26.5,21,100,69.0,43,15,8.8,1,26.2,26.2,26.1,0.00
2023-02-22,46,37.3,30,30,26.7,25,93,67.1,43,7,2.6,1,26.2,26.2,26.1,0.00
2023-02-23,48,40.0,34,32,28.5,21,87,65.9,46,16,5.9,0,26.2,26.1,26.1,0.00
2023-02-24,43,32.8,25,19,16.5,14,74,52.3,34,13,6.4,2,26.3,26.3,26.2,0.00
2023-02-25,43,30.0,19,21,16.8,12,86,61.0,36,5,2.0,0,26.4,26.3,26.3,0.00
2023-02-26,52,34.1,19,27,22.0,18,93,64.5,37,5,2.2,1,26.4,26.4,26.4,0.00
2023-02-27,52,36.9,21,28,25.3,21,100,65.9,40,6,2.0,1,26.5,26.5,26.4,0.00
2023-02-28,52,38.4,27,30,26.9,23,86,65.5,41,3,1.9,0,26.5,26.5,26.4,0.00
2023-03-01,57,42.3,28,34,30.0,25,93,65.0,36,2,1.6,0,26.4,26.3,26.2,0.00
2023-03-02,54,43.2,37,43,38.9,34,93,85.0,62,3,1.9,1,26.3,26.2,26.2,0.00
2023-03-03,52,44.8,39,41,39.0,37,100,81.6,58,18,5.2,0,26.2,26.2,26.1,0.00
2023-03-04,57,47.0,37,43,40.1,37,100,78.9,48,10,3.4,0,26.2,26.2,26.1,0.00
2023-03-05,55,49.2,43,43,39.8,36,100,71.8,54,21,10.5,0,26.2,26.1,26.0,0.00
2023-03-06,57,49.3,39,36,33.0,27,70,54.1,38,24,16.5,8,26.1,25.9,25.8,0.00
2023-03-07,54,44.0,30,32,25.4,19,86,51.9,26,10,4.5,1,26.2,26.1,26.1,0.00
2023-03-08,59,44.2,30,28,25.8,21,86,52.6,23,7,2.9,1,26.2,26.1,26.1,0.00
2023-03-09,59,45.0,32,30,27.7,23,87,55.5,27,12,3.5,0,26.1,26.1,26.0,0.00
2023-03-10,57,47.4,34,34,30.1,27,87,54.9,31,17,5.4,2,26.2,26.1,26.1,0.00
2023-03-11,57,50.0,39,37,33.8,27,76,54.7,38,23,13.4,1,26.2,26.1,26.1,0.00
2023-03-12,63,57.2,52,34,29.5,25,47,35.6,24,28,17.8,6,26.1,26.0,26.0,0.00
2023-03-13,52,48.0,45,41,37.8,36,81,68.2,54,23,15.0,6,26.1,26.1,26.0,0.00
2023-03-14,50,45.7,43,45,41.4,39,93,85.4,71,18,6.3,1,26.2,26.1,26.1,0.00
2023-03-15,57,51.4,43,45,42.2,37,100,71.8,55,26,11.8,2,26.1,26.0,25.9,0.00
2023-03-16,61,51.0,43,43,40.2,37,93,68.1,48,12,3.7,0,26.0,26.0,26.0,0.00
2023-03-17,61,50.9,37,43,36.2,28,100,61.8,29,10,3.7,0,26.1,26.1,26.1,0.00
2023-03-18,57,49.4,43,43,38.5,37,93,68.2,48,21,7.8,2,26.1,26.1,26.1,0.00
2023-03-19,52,45.2,39,45,40.3,37,93,83.9,67,21,4.0,0,26.0,26.0,25.9,0.00
2023-03-20,45,41.9,39,41,36.1,30,100,81.3,65,16,8.9,2,26.1,26.0,26.0,0.00
2023-03-21,52,43.2,34,34,31.6,28,87,65.4,47,13,4.2,0,26.1,26.1,26.0,0.00
2023-03-22,61,46.9,30,41,34.0,28,93,64.5,36,6,2.0,0,26.1,26.1,26.0,0.00
2023-03-23,64,52.5,43,41,37.5,30,81,59.6,28,14,5.8,0,26.1,26.1,26.0,0.00
2023-03-24,55,49.0,43,43,39.6,37,93,71.6,51,13,5.5,2,26.2,26.1,26.1,0.00
2023-03-25,45,41.1,37,41,38.2,36,93,89.5,81,10,3.2,0,26.1,26.1,26.1,0.00
2023-03-26,45,40.7,37,41,37.6,36,93,88.7,76,5,1.7,0,26.1,26.1,26.0,0.00
2023-03-27,61,48.4,41,45,39.9,36,100,75.8,42,6,1.5,0,26.1,26.0,26.0,0.00
2023-03-28,66,53.9,32,39,34.9,27,100,54.1,23,24,10.3,1,26.1,26.0,25.9,0.00
2023-03-29,57,45.9,30,41,32.9,25,100,65.3,33,25,14.6,2,26.0,25.9,25.8,0.00
2023-03-30,36,31.4,28,30,25.6,21,93,80.0,56,16,5.5,0,26.1,26.1,26.0,0.00
2023-03-31,41,31.9,27,27,21.1,14,100,67.9,36,18,6.9,0,26.1,26.0,26.0,0.00
2023-04-01,50,39.1,25,28,20.3,10,74,49.5,23,16,6.9,0,26.2,26.1,26.1,0.00
2023-04-02,59,46.8,32,39,33.2,28,93,62.3,38,17,5.0,0,26.1,26.1,26.1,0.00
2023-04-03,59,48.7,43,46,43.1,39,100,82.1,48,8,2.2,1,26.2,26.2,26.1,0.00
2023-04-04,68,51.6,36,46,39.6,36,100,70.1,30,9,3.1,0,26.2,26.2,26.1,0.00
2023-04-05,63,56.9,46,41,35.9,28,71,46.9,29,20,10.7,2,26.1,26.0,26.0,0.00
2023-04-06,48,44.4,36,43,38.8,34,93,80.6,66,12,4.6,0,26.1,26.0,26.0,0.00
2023-04-07,50,40.1,32,41,36.8,32,100,88.9,66,12,4.8,1,26.1,26.1,26.1,0.00
2023-04-08,54,43.8,34,36,32.6,25,93,67.8,35,14,5.8,1,26.3,26.2,26.1,0.00
2023-04-09,61,49.3,36,37,35.0,32,93,61.5,36,16,6.2,1,26.3,26.3,26.2,0.00
2023-04-10,55,50.6,46,46,43.1,37,87,75.4,58,14,4.9,0,26.2,26.1,26.0,0.00
2023-04-11,54,50.9,45,48,44.0,41,94,77.9,62,23,8.8,0,26.0,25.9,25.9,0.00
2023-04-12,54,46.1,41,43,41.4,37,93,83.9,62,21,7.4,1,25.9,25.8,25.8,0.00
2023-04-13,54,45.7,41,41,36.9,34,93,73.2,51,16,8.0,2,26.1,25.9,25.8,0.00
2023-04-14,57,47.7,41,39,34.3,28,87,63.0,36,17,7.8,2,26.3,26.2,26.1,0.00
2023-04-15,66,50.4,34,43,36.7,32,100,64.8,28,6,2.0,0,26.3,26.3,26.2,0.00
2023-04-16,72,55.0,37,41,37.6,30,100,58.6,22,7,1.8,0,26.2,26.2,26.1,0.00
2023-04-17,72,58.6,45,43,38.3,28,87,52.5,20,8,2.8,1,26.2,26.2,26.1,0.00
2023-04-18,70,57.0,41,48,41.4,34,88,60.1,28,25,6.8,0,26.3,26.2,26.2,0.00
2023-04-19,68,57.2,43,48,44.7,39,100,66.5,37,16,6.6,2,26.2,26.1,26.0,0.00
2023-04-20,61,51.5,45,48,44.5,39,93,77.5,55,20,10.3,0,26.1,26.0,25.9,0.00
2023-04-21,59,49.8,37,43,36.9,30,93,64.3,36,18,5.5,2,26.0,26.0,26.0,0.00
2023-04-22,63,49.7,34,41,35.8,30,100,64.0,31,12,2.6,0,26.1,26.1,26.1,0.00
2023-04-23,55,50.2,41,46,41.6,37,93,73.8,51,12,2.9,0,26.2,26.1,26.0,0.00
2023-04-24,59,50.8,45,46,42.7,37,93,74.7,51,17,6.8,0,26.1,26.1,26.0,0.00
2023-04-25,63,50.5,34,41,36.3,32,100,63.4,32,7,2.3,1,26.2,26.1,26.1,0.00
2023-04-26,64,54.8,41,39,36.0,32,81,51.8,30,15,5.8,1,26.1,26.1,26.0,0.00
2023-04-27,68,58.8,52,45,39.8,32,72,50.7,28,16,9.8,0,26.0,26.0,26.0,0.00
2023-04-28,68,58.3,48,45,40.0,34,82,52.2,30,29,12.0,1,26.0,26.0,25.9,0.00
2023-04-29,64,50.5,43,45,40.9,30,93,73.2,30,13,5.7,1,26.0,25.9,25.8,0.00
2023-04-30,54,47.5,43,43,40.3,36,100,78.0,54,9,4.7,1,26.1,26.0,25.9,0.00
2023-05-01,55,48.8,41,43,37.6,32,93,67.5,44,20,6.0,1,26.2,26.1,26.1,0.00
2023-05-02,57,48.0,37,36,32.4,28,87,57.0,36,16,6.2,0,26.3,26.3,26.2,0.00
2023-05-03,61,50.3,39,34,28.5,25,76,45.4,27,16,10.2,0,26.4,26.3,26.3,0.00
2023-05-04,70,52.8,34,39,29.3,16,87,47.4,13,6,2.0,0,26.4,26.3,26.2,0.00
2023-05-05,75,58.2,37,41,33.5,27,87,46.7,18,8,2.8,1,26.3,26.2,26.1,0.00
2023-05-06,70,57.6,46,52,44.9,36,94,64.1,33,15,4.7,0,26.2,26.1,26.1,0.00
2023-05-07,68,56.5,46,50,45.8,37,100,71.7,37,22,8.2,1,26.1,26.0,26.0,0.00
2023-05-08,61,52.9,43,48,45.6,43,100,77.7,55,14,3.8,0,26.2,26.1,26.1,0.00
2023-05-09,70,58.0,48,48,45.3,41,100,66.2,35,12,2.8,0,26.2,26.1,26.1,0.00
2023-05-10,70,57.1,43,52,45.4,41,94,69.5,35,20,5.4,0,26.2,26.1,26.1,0.00
2023-05-11,73,61.3,48,52,47.6,41,100,65.9,31,13,2.8,0,26.2,26.2,26.1,0.00
2023-05-12,70,59.1,52,52,47.9,43,94,69.2,43,21,9.0,1,26.2,26.2,26.1,0.00
2023-05-13,63,55.3,48,52,47.0,41,100,74.9,59,17,9.9,1,26.2,26.1,26.1,0.00
2023-05-14,64,54.7,45,41,35.0,28,71,49.6,32,18,12.4,7,26.3,26.2,26.2,0.00
2023-05-15,66,53.9,39,36,33.5,30,75,47.9,30,18,11.0,5,26.3,26.2,26.1,0.00
2023-05-16,72,56.3,39,46,37.5,32,87,53.3,27,7,2.0,0,26.2,26.2,26.1,0.00
2023-05-17,77,61.1,39,50,41.8,37,93,54.7,27,8,2.9,1,26.1,26.1,26.0,0.00
2023-05-18,81,65.6,50,52,42.9,34,88,50.0,21,10,2.9,0,26.0,26.0,26.0,0.00
2023-05-19,77,64.7,46,48,42.1,30,87,47.4,18,15,6.2,1,26.0,26.0,26.0,0.00
2023-05-20,70,60.1,48,54,48.3,43,88,66.6,49,21,8.8,1,26.1,26.0,26.0,0.00
2023-05-21,64,55.5,48,52,47.3,45,94,76.1,52,12,3.9,1,26.1,26.1,26.0,0.00
2023-05-22,70,56.6,46,54,49.4,45,94,77.8,46,25,5.8,0,26.2,26.1,26.1,0.00
2023-05-23,75,60.4,50,50,45.6,39,94,63.3,27,20,8.3,1,26.2,26.1,26.1,0.00
2023-05-24,73,58.5,45,52,46.2,37,100,68.4,27,21,5.4,0,26.2,26.1,26.1,0.00
2023-05-25,72,59.0,45,54,48.5,41,94,70.1,41,20,6.0,1,26.2,26.2,26.1,0.00
2023-05-26,72,60.0,52,54,48.6,43,88,69.5,35,16,6.1,1,26.2,26.2,26.1,0.00
2023-05-27,75,62.9,50,54,49.0,45,94,63.9,36,13,3.0,1,26.2,26.1,26.1,0.00
2023-05-28,66,59.8,50,55,51.8,48,94,75.2,59,12,3.7,0,26.2,26.1,26.0,0.00
2023-05-29,72,58.1,50,55,51.4,48,94,80.0,50,35,9.0,2,26.2,26.1,26.0,0.00
2023-05-30,73,59.0,48,55,48.8,43,100,72.7,38,12,4.7,0,26.2,26.2,26.1,0.00
2023-05-31,75,60.8,45,52,46.0,39,93,62.6,29,9,3.0,0,26.2,26.1,26.1,0.00
2023-06-01,75,61.4,48,55,49.0,45,93,65.8,38,24,6.6,0,26.2,26.1,26.1,0.00
2023-06-02,77,62.4,48,55,50.4,46,100,68.1,39,18,4.1,0,26.2,26.2,26.1,0.00
2023-06-03,77,67.2,52,55,51.5,46,94,60.4,36,18,6.5,0,26.2,26.1,26.1,0.00
2023-06-04,81,68.5,54,55,47.6,37,82,50.9,21,15,5.5,1,26.1,26.1,26.1,0.00
2023-06-05,75,62.9,48,55,49.0,43,94,63.4,38,15,4.6,0,26.2,26.1,26.1,0.00
2023-06-06,72,58.4,46,54,49.4,45,100,73.8,46,10,3.4,0,26.2,26.2,26.2,0.00
2023-06-07,79,61.9,43,54,47.3,37,100,63.8,31,12,2.6,0,26.2,26.2,26.1,0.00
2023-06-08,86,67.4,48,57,49.6,45,93,57.5,25,2,1.9,1,26.2,26.1,26.1,0.00
2023-06-09,75,63.6,55,55,52.9,48,94,69.5,38,15,5.6,0,26.1,26.1,26.1,0.00
2023-06-10,72,61.4,52,57,53.2,46,94,75.7,49,17,5.3,0,26.1,26.0,26.0,0.00
2023-06-11,81,64.6,46,63,52.8,46,100,69.5,34,7,1.8,0,26.1,26.0,26.0,0.00
2023-06-12,81,67.9,52,57,52.7,46,94,61.5,30,9,3.5,1,26.0,26.0,25.9,0.00
2023-06-13,82,68.4,54,55,50.0,43,94,56.1,25,13,5.1,0,26.0,25.9,25.9,0.00
2023-06-14,79,67.8,52,54,50.3,45,88,56.7,30,13,4.5,1,26.1,26.0,26.0,0.00
2023-06-15,73,63.5,55,59,54.9,50,100,76.3,44,12,3.1,0,26.1,26.1,26.0,0.00
2023-06-16,79,65.7,48,55,50.7,46,100,63.1,32,10,4.5,1,26.1,26.1,26.0,0.00
2023-06-17,79,64.8,50,54,50.3,48,94,63.6,34,6,1.9,0,26.0,26.0,26.0,0.00
