date,tavg,tmin,tmax,prcp,snow,wdir,wspd,wpgt,pres,tsun
2021-01-01,5.9,-2.6,10.8,0.0,61.0,,,,,
2021-01-02,5.6,1.5,8.7,0.0,51.0,89.0,4.6,,1028.4,
2021-01-03,3.2,-3.4,7.7,0.0,30.0,94.0,5.2,,1029.0,
2021-01-04,3.4,-5.0,7.8,0.0,30.0,97.0,8.4,,1027.8,
2021-01-05,4.4,-3.2,8.7,0.0,20.0,94.0,8.7,,1026.5,
2021-01-06,5.4,0.7,9.9,0.0,20.0,94.0,6.5,,1027.8,
2021-01-07,5.3,-2.4,9.7,0.0,10.0,92.0,7.4,,1026.8,
2021-01-08,6.4,-1.1,9.6,0.0,10.0,88.0,6.8,,1024.7,
2021-01-09,7.4,-1.1,11.2,0.0,10.0,101.0,7.9,,1023.6,
2021-01-10,7.6,0.0,10.5,0.0,10.0,96.0,7.0,,1023.6,
2021-01-11,11.1,5.0,14.2,0.0,,93.0,7.1,,1022.4,
2021-01-12,11.1,5.0,14.0,0.0,,91.0,7.2,,1021.9,
2021-01-13,13.7,8.3,15.5,0.0,,107.0,15.5,,1011.3,
2021-01-14,5.4,2.2,9.3,0.3,,120.0,9.9,,1004.9,
2021-01-15,2.1,-0.7,5.4,3.6,,139.0,7.5,,1010.0,
2021-01-16,1.7,-1.5,2.6,6.1,41.0,94.0,6.9,,1012.9,
2021-01-17,5.8,2.5,8.4,1.5,,111.0,10.7,,1004.3,
2021-01-18,-1.3,-11.7,1.6,6.1,51.0,12.0,4.7,,1014.3,
2021-01-19,-5.6,-9.5,-2.0,0.0,41.0,44.0,6.5,,1023.5,
2021-01-20,-4.9,-9.6,-2.7,0.0,30.0,3.0,5.0,,1027.3,
2021-01-21,-3.8,-8.7,-1.0,0.5,51.0,98.0,4.7,,1035.5,
2021-01-22,-1.8,-8.0,0.6,0.0,30.0,99.0,7.1,,1035.6,
2021-01-23,-0.4,-9.5,4.2,0.0,30.0,97.0,7.2,,1029.8,
2021-01-24,2.7,-7.1,6.7,0.0,20.0,89.0,8.2,,1025.9,
2021-01-25,3.5,-5.2,7.2,0.0,10.0,91.0,8.7,,1024.5,
2021-01-26,5.6,-0.4,8.9,0.0,,95.0,7.9,,1024.5,
2021-01-27,7.6,1.6,10.4,0.0,,105.0,11.0,,1017.8,
2021-01-28,6.5,-1.0,10.4,0.5,,131.0,12.3,,1010.6,
2021-01-29,-0.3,-5.0,0.5,2.0,10.0,57.0,5.5,,1012.7,
2021-01-30,0.3,-4.5,3.7,12.7,160.0,103.0,7.2,,1015.5,
2021-01-31,4.3,-1.5,7.5,2.0,180.0,111.0,8.1,,1017.6,
2021-02-01,5.1,-1.1,8.0,0.3,89.0,98.0,9.1,,1026.3,
2021-02-02,3.4,-3.2,9.7,0.0,71.0,98.0,7.8,,1027.4,
2021-02-03,5.9,-5.7,5.9,0.0,,93.0,6.8,,1023.3,
2021-02-04,4.9,-3.2,9.7,0.0,71.0,98.0,7.2,,1020.9,
2021-02-05,1.0,-2.4,3.5,4.5,,14.0,5.6,,1021.1,
2021-02-06,5.4,-1.1,8.2,7.1,,92.0,6.1,,1022.8,
2021-02-07,4.7,-3.2,6.5,0.0,71.0,87.0,6.9,,1020.7,
2021-02-08,2.5,-2.5,8.3,0.0,,94.0,7.2,,1021.4,
2021-02-09,9.3,4.8,9.1,0.0,,103.0,8.6,,1022.5,
2021-02-10,7.4,0.3,8.8,0.1,,105.0,8.3,,1020.9,
2021-02-11,1.8,-2.8,8.4,0.0,,100.0,7.6,,1021.3,
2021-02-12,3.5,-1.2,10.0,0.8,,116.0,7.9,,1016.0,
2021-02-13,2.4,-3.3,5.3,2.6,,122.0,6.3,,1019.7,
2021-02-14,8.7,-0.6,8.8,0.0,10.0,107.0,8.4,,1019.3,
2021-02-15,6.6,0.6,14.9,0.0,,123.0,7.1,,1013.7,
2021-02-16,-3.3,-6.8,0.2,2.0,,293.0,5.1,,1012.4,
2021-02-17,-5.7,-7.6,-3.5,6.4,99.0,327.0,8.4,,1015.4,
2021-02-18,-4.2,-10.2,-1.2,0.0,51.0,18.0,4.2,,1021.9,
2021-02-19,-2.8,-10.3,-3.9,2.6,51.0,105.0,6.4,,1026.9,
2021-02-20,-8.8,-15.8,-4.3,0.5,,9.0,3.7,,1032.6,
2021-02-21,-2.7,-17.1,2.4,0.0,,99.0,4.2,,1034.6,
2021-02-22,0.9,-9.8,6.6,0.0,41.0,73.0,3.9,,1032.9,
2021-02-23,3.8,-4.7,8.3,0.0,30.0,357.0,5.5,,1031.1,
2021-02-24,2.9,-1.0,5.4,0.0,10.0,319.0,5.3,,1030.0,
2021-02-25,2.4,-2.8,5.4,0.0,,326.0,3.8,,1032.4,
2021-02-26,4.2,-5.2,9.6,0.0,,25.0,3.7,,1029.6,
2021-02-27,6.2,-5.2,12.0,0.0,,99.0,4.6,,1022.7,
2021-02-28,4.8,-3.3,11.0,0.0,,21.0,6.5,,1019.9,
2021-03-01,1.2,-2.1,2.9,1.5,20.0,299.0,5.3,,1026.1,
2021-03-02,2.8,-4.8,7.4,0.0,,99.0,3.8,,1028.8,
2021-03-03,3.3,-5.2,9.6,0.0,,10.0,6.0,,1026.4,
2021-03-04,4.9,-2.6,9.5,0.0,,133.0,3.1,,1025.2,
2021-03-05,7.9,-5.8,13.0,0.0,,102.0,4.9,,1022.4,
2021-03-06,9.7,-3.0,14.6,0.0,,106.0,8.0,,1022.7,
2021-03-07,2.6,-2.0,5.9,3.3,,299.0,3.7,,1021.3,
2021-03-08,2.4,-4.5,6.4,0.8,10.0,337.0,3.6,,1018.2,
2021-03-09,4.6,-5.9,8.3,0.0,,81.0,6.1,,1020.2,
2021-03-10,8.3,-4.0,12.5,0.0,,105.0,6.5,,1018.9,
2021-03-11,7.2,-0.8,13.7,0.5,,140.0,7.1,,1007.3,
2021-03-12,-2.8,-12.8,-0.6,2.8,,322.0,9.3,,1019.9,
2021-03-13,5.2,-8.0,10.0,0.0,,107.0,6.2,,1022.7,
2021-03-14,10.9,0.5,15.7,0.0,,105.0,6.4,,1017.8,
2021-03-15,8.3,4.3,10.5,0.3,,111.0,8.6,,1013.2,
2021-03-16,10.3,5.2,13.9,0.0,,130.0,10.9,,1007.8,
2021-03-17,10.2,1.8,13.4,3.3,,136.0,11.5,,1006.2,
2021-03-18,5.8,1.8,9.7,4.6,,137.0,7.3,,1010.0,
2021-03-19,-0.1,-4.6,4.7,0.5,,138.0,7.6,,1017.0,
2021-03-20,2.7,-0.6,7.1,6.0,,110.0,6.7,,1018.5,
2021-03-21,4.3,1.6,7.1,6.2,,123.0,7.0,,1013.5,
2021-03-22,6.6,3.1,12.2,7.2,,113.0,9.5,,1009.5,
2021-03-23,7.3,4.7,11.4,5.2,,113.0,11.6,,1003.8,
2021-03-24,1.9,-2.4,4.5,14.4,,312.0,6.2,,1001.4,
2021-03-25,-2.8,-7.1,0.2,5.0,,322.0,4.7,,1011.5,
2021-03-26,0.3,-3.5,1.9,3.8,30.0,35.0,5.1,,1017.7,
2021-03-27,1.1,-2.5,3.3,1.5,,297.0,7.3,,1025.7,
2021-03-28,4.6,-2.7,8.0,0.0,,29.0,4.3,,1031.9,
2021-03-29,7.6,-2.9,11.1,0.0,,44.0,4.1,,1029.0,
2021-03-30,9.1,-2.5,13.7,0.0,,85.0,5.1,,1023.0,
2021-03-31,11.5,1.1,15.8,0.0,,102.0,5.8,,1018.0,
2021-04-01,11.4,1.1,17.6,1.0,,118.0,8.2,,1011.8,
2021-04-02,7.7,2.8,12.8,3.8,,133.0,7.1,,1013.4,
2021-04-03,10.3,2.7,13.0,4.3,,134.0,5.2,,1015.6,
2021-04-04,13.8,4.2,16.7,0.0,,138.0,8.4,,1018.4,
2021-04-05,11.9,5.8,14.0,0.0,,110.0,9.6,,1017.3,
2021-04-06,14.3,7.8,16.8,1.0,,127.0,8.6,,1016.9,
2021-04-07,19.8,7.3,24.0,0.0,,127.0,11.8,,1014.8,
2021-04-08,20.9,7.3,24.0,0.0,,127.0,11.7,,1012.1,
2021-04-09,6.3,0.3,11.5,0.0,,321.0,9.0,,1013.3,
2021-04-10,3.8,0.4,6.9,0.0,,315.0,8.9,,1017.5,
2021-04-11,7.1,1.0,11.2,0.0,,267.0,5.2,,1014.3,
2021-04-12,8.4,0.0,13.0,1.0,,122.0,5.8,,1019.7,
2021-04-13,5.2,-1.8,8.7,3.0,,331.0,3.7,,1021.2,
2021-04-14,11.9,0.4,15.8,2.5,,125.0,7.5,,1020.0,
2021-04-15,11.8,3.3,17.1,0.0,,127.0,7.4,,1018.9,
2021-04-16,16.6,2.9,20.2,0.3,,140.0,7.6,,1018.8,
2021-04-17,18.3,10.3,21.5,0.0,,133.0,8.2,,1019.4,
2021-04-18,17.3,10.0,20.9,0.0,,123.0,7.5,,1019.8,
2021-04-19,20.2,9.7,24.4,0.0,,117.0,7.5,,1018.6,
2021-04-20,21.2,10.4,24.8,0.0,,138.0,13.6,,1011.7,
2021-04-21,17.1,9.7,24.5,3.8,,125.0,10.3,,1013.6,
2021-04-22,13.8,7.4,19.0,0.0,,351.0,6.0,,1019.2,
2021-04-23,17.8,2.8,23.2,0.0,,123.0,4.9,,1021.7,
2021-04-24,17.9,4.9,22.4,0.0,,1.0,6.5,,1018.3,
2021-04-25,19.2,6.1,24.8,0.0,,125.0,9.3,,1013.7,
2021-04-26,12.0,6.2,19.8,2.0,,174.0,9.2,,1009.8,
2021-04-27,14.6,3.8,21.6,0.8,,296.0,5.5,,1014.8,
2021-04-28,21.4,5.4,26.2,0.0,,338.0,5.5,,1016.2,
2021-04-29,17.6,10.5,24.1,7.9,,93.0,6.4,,1017.8,
2021-04-30,13.1,8.5,20.3,20.6,,309.0,5.1,,1018.0,
2021-05-01,16.4,8.6,19.6,0.0,,339.0,8.1,,1018.9,
2021-05-02,19.8,5.5,23.7,0.0,,348.0,6.6,,1017.5,
2021-05-03,22.6,7.7,27.1,0.0,,3.0,5.9,,1014.4,
2021-05-04,14.2,10.8,19.1,3.0,,327.0,6.9,,1014.3,
2021-05-05,15.9,8.1,21.4,0.0,,314.0,5.5,,1014.6,
2021-05-06,19.7,6.7,24.6,0.0,,354.0,6.6,,1012.6,
2021-05-07,17.6,9.1,20.9,0.0,,332.0,7.2,,1017.7,
2021-05-08,22.1,6.8,26.1,0.0,,81.0,6.9,,1016.3,
2021-05-09,6.8,1.7,12.9,4.1,,320.0,8.3,,1018.6,
2021-05-10,8.9,1.0,12.4,0.5,,320.0,6.5,,1024.6,
2021-05-11,15.1,-0.3,20.8,0.0,,326.0,5.2,,1016.5,
2021-05-12,21.4,4.0,26.0,0.0,,135.0,8.3,,1013.0,
2021-05-13,25.5,7.5,29.8,0.0,,109.0,7.5,,1012.5,
2021-05-14,26.8,10.5,31.2,0.0,,84.0,7.8,,1014.1,
2021-05-15,26.0,9.5,31.4,0.0,,54.0,5.9,,1012.8,
2021-05-16,27.1,11.7,31.4,0.0,,141.0,10.7,,1007.3,
2021-05-17,14.9,11.8,18.0,0.0,,163.0,8.0,,1008.3,
2021-05-18,22.4,7.9,26.3,0.0,,153.0,8.8,,1011.7,
2021-05-19,21.1,13.0,25.5,0.0,,350.0,7.4,,1013.7,
2021-05-20,27.3,8.7,31.9,0.0,,139.0,9.6,,1013.5,
2021-05-21,30.6,14.0,34.4,0.0,,141.0,13.2,,1011.0,
2021-05-22,15.6,10.5,23.2,7.2,,102.0,9.7,,1009.3,
2021-05-23,14.2,10.4,18.3,0.0,,307.0,9.7,,1013.5,
2021-05-24,19.1,9.3,24.0,0.0,,311.0,8.1,,1018.0,
2021-05-25,17.8,13.0,22.2,0.0,,321.0,8.2,,1019.1,
2021-05-26,19.9,6.2,23.4,0.0,,338.0,7.0,,1016.6,
2021-05-27,23.3,6.6,29.0,0.0,,351.0,5.7,,1013.2,
2021-05-28,24.1,12.4,29.6,0.0,,61.0,5.1,,1009.7,
2021-05-29,20.8,12.9,30.5,7.1,,124.0,7.8,,1008.6,
2021-05-30,19.5,10.6,24.4,0.5,,356.0,6.5,,1015.4,
2021-05-31,21.4,9.9,28.9,5.1,,131.0,7.1,,1012.0,
2021-06-01,23.4,10.8,29.4,2.5,,160.0,9.3,,1006.7,
2021-06-02,17.7,11.1,25.1,3.0,,136.0,7.1,,1011.9,
2021-06-03,18.3,6.1,22.9,0.5,,50.0,7.3,,1016.5,
2021-06-04,17.6,7.5,23.5,0.0,,337.0,6.9,,1017.9,
2021-06-05,15.4,8.1,19.7,0.0,,335.0,6.9,,1017.8,
2021-06-06,14.0,9.1,17.0,1.5,,316.0,6.5,,1017.6,
2021-06-07,19.3,5.1,23.4,0.0,,352.0,6.2,,1017.9,
2021-06-08,20.6,8.3,25.4,0.0,,347.0,4.8,,1015.6,
2021-06-09,17.4,11.7,23.5,2.0,,315.0,5.9,,1011.8,
2021-06-10,19.1,11.0,25.6,8.9,,303.0,5.1,,1011.2,
2021-06-11,19.4,12.2,23.5,2.0,,319.0,4.8,,1012.4,
2021-06-12,19.2,13.2,23.9,0.0,,313.0,4.7,,1013.3,
2021-06-13,21.4,13.3,25.3,0.0,,314.0,5.5,,1013.4,
2021-06-14,27.2,11.6,31.8,0.0,,161.0,8.4,,1009.1,
2021-06-15,25.4,13.0,31.3,0.0,,61.0,6.5,,1009.4,
2021-06-16,28.8,14.2,34.3,0.0,,188.0,6.9,,1006.6,
2021-06-17,22.4,13.4,27.4,0.0,,344.0,6.8,,1014.2,
2021-06-18,24.3,11.1,29.5,0.0,,338.0,6.4,,1015.6,
2021-06-19,26.3,14.4,34.7,0.0,,314.0,6.3,,1011.4,
2021-06-20,28.2,13.5,35.5,0.0,,310.0,5.6,,1011.0,
2021-06-21,31.4,16.3,35.4,0.0,,141.0,9.4,,1009.2,
2021-06-22,23.0,15.5,31.6,0.1,,86.0,10.1,,1011.1,
2021-06-23,20.5,13.7,28.4,0.2,,320.0,6.9,,1013.4,
2021-06-24,19.8,14.7,26.5,0.2,,318.0,7.3,,1014.6,
2021-06-25,20.3,14.5,27.2,0.3,,308.0,6.3,,1013.2,
2021-06-26,22.8,14.4,29.4,0.5,,314.0,6.5,,1011.5,
2021-06-27,22.9,15.4,27.2,1.8,,297.0,5.8,,1013.4,
2021-06-28,23.4,14.7,27.6,0.0,,325.0,7.2,,1015.7,
2021-06-29,21.3,17.0,23.7,0.0,,318.0,8.0,,1016.5,
2021-06-30,20.2,14.4,26.8,0.0,,324.0,6.3,,1016.7,
2021-07-01,21.9,14.0,30.5,0.0,,325.0,6.0,,1013.7,
2021-07-02,23.7,16.7,31.0,0.0,,356.0,6.7,,1010.9,
2021-07-03,23.9,15.3,32.5,0.2,,27.0,5.7,,1006.7,
2021-07-04,19.1,13.9,27.6,6.8,,325.0,5.0,,1005.7,
2021-07-05,17.9,11.5,24.9,0.0,,338.0,6.0,,1009.3,
2021-07-06,18.8,10.9,26.9,1.0,,332.0,5.5,,1009.3,
2021-07-07,19.2,14.1,24.5,1.8,,1.0,5.3,,1012.5,
2021-07-08,19.2,10.8,27.7,0.0,,342.0,6.3,,1015.0,
2021-07-09,19.7,13.9,26.0,0.8,,322.0,6.6,,1013.6,
2021-07-10,23.6,15.7,26.3,3.8,,318.0,6.7,,1010.6,
2021-07-11,24.5,15.3,31.1,0.0,,302.0,5.8,,1010.3,
2021-07-12,25.8,16.7,32.5,2.3,,309.0,6.1,,1012.1,
2021-07-13,25.7,16.1,30.4,0.0,,309.0,7.3,,1012.7,
2021-07-14,22.8,16.8,26.1,0.0,,313.0,8.4,,1011.9,
2021-07-15,24.2,16.7,28.4,0.0,,302.0,7.0,,1011.6,
2021-07-16,26.8,16.4,32.3,0.0,,326.0,5.5,,1011.5,
2021-07-17,26.7,16.6,35.2,6.1,,64.0,5.9,,1009.3,
2021-07-18,30.9,17.4,35.9,1.0,,59.0,5.8,,1008.9,
2021-07-19,32.1,17.8,38.0,0.0,,39.0,7.1,,1009.8,
2021-07-20,33.9,17.7,39.1,0.0,,25.0,6.5,,1009.0,
2021-07-21,27.2,17.8,31.8,0.0,,332.0,8.0,,1008.6,
2021-07-22,22.9,19.6,26.5,0.0,,312.0,9.3,,1010.6,
2021-07-23,21.0,16.5,23.5,0.0,,315.0,9.5,,1010.8,
2021-07-24,20.9,15.4,24.7,0.0,,321.0,8.2,,1011.6,
2021-07-25,25.7,14.4,32.1,0.0,,302.0,6.6,,1013.4,
2021-07-26,25.1,16.7,32.4,0.0,,302.0,6.7,,1014.0,
2021-07-27,22.6,17.6,24.8,0.0,,303.0,8.8,,1016.0,
2021-07-28,22.2,14.6,25.9,0.5,,305.0,9.6,,1014.9,
2021-07-29,23.7,15.2,26.7,0.0,,331.0,8.3,,1014.1,
2021-07-30,20.2,14.9,27.0,0.0,,329.0,7.7,,1012.6,
2021-07-31,20.0,13.9,25.8,1.6,,335.0,7.2,,1012.1,
2021-08-01,20.9,15.7,26.9,0.4,,321.0,6.6,,1013.0,
2021-08-02,21.5,16.8,27.1,1.0,,317.0,5.7,,1013.0,
2021-08-03,22.0,16.5,28.7,0.1,,321.0,6.1,,1014.6,
2021-08-04,21.5,14.0,30.1,0.0,,336.0,7.0,,1016.3,
2021-08-05,22.6,16.7,29.4,0.1,,329.0,5.9,,1014.9,
2021-08-06,24.4,17.1,33.1,0.7,,111.0,6.9,,1009.5,
2021-08-07,23.1,17.8,29.3,1.5,,115.0,6.8,,1008.7,
2021-08-08,21.3,16.4,27.7,2.0,,21.0,4.6,,1012.6,
2021-08-09,19.7,16.3,25.1,3.0,,309.0,5.8,,1014.7,
2021-08-10,19.0,15.9,23.8,8.7,,297.0,5.1,,1013.5,
2021-08-11,19.0,15.5,25.1,3.6,,245.0,3.8,,1011.7,
2021-08-12,18.5,15.4,23.2,8.2,,306.0,4.2,,1014.2,
2021-08-13,18.0,14.7,22.6,2.1,,313.0,6.8,,1017.7,
2021-08-14,16.9,14.2,21.0,4.0,,317.0,7.6,,1017.8,
2021-08-15,17.4,13.3,23.1,0.1,,315.0,7.0,,1015.8,
2021-08-16,20.6,14.3,25.3,0.0,,321.0,6.4,,1015.6,
2021-08-17,23.5,13.9,29.0,0.0,,309.0,5.6,,1013.9,
2021-08-18,25.8,17.6,33.0,0.0,,312.0,5.8,,1009.8,
2021-08-19,23.1,17.6,28.6,0.0,,310.0,6.2,,1010.3,
2021-08-20,23.3,14.8,28.7,0.0,,322.0,6.8,,1014.1,
2021-08-21,22.7,15.7,29.0,0.0,,311.0,5.6,,1016.2,
2021-08-22,23.6,14.6,31.2,2.0,,298.0,5.5,,1015.1,
2021-08-23,22.9,16.4,29.3,0.5,,306.0,4.7,,1015.4,
2021-08-24,23.3,14.5,28.5,1.0,,343.0,5.7,,1014.3,
2021-08-25,26.5,16.4,33.0,0.0,,351.0,5.5,,1013.2,
2021-08-26,27.3,15.1,31.3,0.0,,1.0,5.8,,1014.3,
2021-08-27,29.3,13.6,34.5,0.0,,31.0,5.7,,1015.1,
2021-08-28,30.2,14.5,36.9,0.0,,29.0,5.6,,1013.9,
2021-08-29,32.3,15.8,38.1,0.0,,64.0,6.2,,1008.9,
2021-08-30,31.4,16.6,37.5,0.0,,73.0,7.7,,1008.7,
2021-08-31,25.2,17.7,31.0,0.0,,319.0,6.7,,1014.0,
2021-09-01,25.3,16.9,32.7,0.0,,333.0,6.0,,1012.9,
2021-09-02,18.3,12.9,25.5,0.0,,303.0,7.3,,1012.8,
2021-09-03,15.8,10.3,18.7,5.6,,305.0,8.2,,1017.6,
2021-09-04,17.9,8.8,22.5,0.0,,304.0,5.6,,1016.2,
2021-09-05,18.2,11.4,23.0,0.0,,330.0,6.4,,1015.4,
2021-09-06,17.0,10.7,20.7,0.0,,319.0,7.4,,1018.2,
2021-09-07,16.3,12.2,19.6,0.0,,315.0,6.6,,1021.3,
2021-09-08,20.7,12.2,27.2,0.0,,330.0,5.3,,1019.4,
2021-09-09,20.8,12.6,28.0,0.0,,338.0,5.3,,1017.1,
2021-09-10,24.5,10.0,32.6,0.0,,43.0,6.2,,1013.0,
2021-09-11,19.1,14.1,23.5,0.0,,314.0,6.5,,1013.1,
2021-09-12,20.5,13.5,25.4,0.0,,301.0,5.2,,1013.5,
2021-09-13,20.6,12.1,26.6,0.0,,351.0,5.5,,1012.2,
2021-09-14,20.9,13.7,27.3,0.0,,350.0,5.1,,1013.7,
2021-09-15,22.7,14.8,28.6,0.0,,345.0,5.3,,1013.2,
2021-09-16,17.1,11.7,23.1,6.1,,304.0,5.7,,1013.8,
2021-09-17,14.9,9.5,17.8,18.8,,297.0,6.2,,1016.4,
2021-09-18,20.4,8.3,25.1,0.0,,41.0,4.5,,1015.9,
2021-09-19,20.9,9.3,26.6,0.0,,20.0,5.5,,1016.2,
2021-09-20,19.7,11.6,24.1,0.0,,11.0,4.8,,1017.5,
2021-09-21,21.1,9.5,26.8,0.0,,0.0,5.8,,1017.4,
2021-09-22,13.3,10.7,17.6,1.5,,307.0,7.2,,1014.7,
2021-09-23,13.4,9.0,17.3,3.3,,310.0,7.1,,1009.3,
2021-09-24,9.7,7.0,11.6,14.7,,313.0,5.9,,1016.1,
2021-09-25,12.6,4.4,15.2,0.5,,359.0,7.0,,1019.8,
2021-09-26,15.9,5.2,21.1,0.0,,299.0,4.5,,1023.5,
2021-09-27,16.4,5.6,21.5,0.0,,336.0,5.6,,1017.1,
2021-09-28,15.1,7.0,20.0,0.0,,299.0,5.3,,1016.5,
2021-09-29,14.4,9.0,17.7,0.0,,326.0,5.0,,1017.4,
2021-09-30,13.5,9.6,17.6,0.0,,293.0,4.1,,1017.2,
2021-10-01,13.5,8.5,18.4,3.3,,327.0,4.7,,1018.7,
2021-10-02,16.8,8.1,24.3,0.0,,99.0,5.6,,1018.1,
2021-10-03,10.4,9.2,11.7,12.2,,306.0,5.2,,1017.7,
2021-10-04,12.7,8.7,16.5,7.4,,300.0,6.7,,1020.1,
2021-10-05,10.2,7.7,13.0,0.0,,322.0,5.0,,1019.2,
2021-10-06,12.5,5.5,16.8,0.0,,338.0,4.8,,1020.2,
2021-10-07,13.9,5.2,19.4,0.0,,95.0,4.2,,1021.1,
2021-10-08,15.8,3.7,22.9,0.0,,85.0,5.2,,1020.4,
2021-10-09,18.3,4.5,24.2,0.0,,110.0,6.0,,1019.7,
2021-10-10,18.4,5.1,25.1,0.0,,45.0,4.5,,1020.8,
2021-10-11,18.9,5.7,26.3,0.0,,92.0,4.1,,1018.6,
2021-10-12,19.7,6.4,26.3,0.0,,113.0,7.1,,1013.2,
2021-10-13,20.4,9.1,24.9,0.0,,117.0,8.8,,1012.9,
2021-10-14,19.0,7.8,23.9,0.0,,122.0,7.5,,1019.9,
2021-10-15,20.2,8.8,25.7,0.0,,112.0,6.3,,1019.3,
2021-10-16,19.9,7.9,25.4,0.0,,84.0,6.1,,1015.7,
2021-10-17,14.2,7.7,19.4,0.0,,37.0,4.8,,1014.2,
2021-10-18,12.8,8.9,15.5,0.0,,347.0,5.3,,1018.1,
2021-10-19,10.4,6.1,13.2,0.0,,286.0,6.2,,1023.3,
2021-10-20,9.4,5.3,12.7,0.0,,297.0,6.0,,1027.8,
2021-10-21,12.1,0.9,18.4,0.0,,106.0,5.4,,1026.4,
2021-10-22,14.9,2.3,21.1,0.0,,72.0,5.2,,1023.4,
2021-10-23,15.2,2.0,21.3,0.0,,19.0,4.4,,1021.8,
2021-10-24,14.5,1.8,20.8,0.0,,30.0,4.5,,1020.0,
2021-10-25,5.9,-0.3,8.4,1.6,,306.0,7.4,,1027.5,
2021-10-26,7.1,-1.2,13.1,0.0,,72.0,4.4,,1027.3,
2021-10-27,11.2,-1.5,18.1,0.0,,101.0,6.1,,1022.8,
2021-10-28,11.2,-1.2,18.2,0.0,,61.0,5.3,,1021.7,
2021-10-29,4.3,3.0,5.0,8.4,,293.0,2.7,,1023.5,
2021-10-30,12.4,4.7,15.6,3.8,,117.0,6.6,,1024.4,
2021-10-31,9.5,6.4,14.6,0.3,,104.0,7.9,,1024.5,
2021-11-01,10.8,5.6,17.4,0.6,,115.0,9.3,,1022.2,
2021-11-02,11.3,8.1,16.3,3.3,,111.0,6.5,,1018.0,
2021-11-03,10.9,7.7,15.2,0.5,,89.0,4.8,,1020.2,
2021-11-04,10.6,5.3,16.3,0.0,,345.0,4.0,,1026.0,
2021-11-05,9.9,4.2,17.7,0.0,,85.0,4.3,,1025.0,
2021-11-06,10.0,4.8,18.2,0.0,,32.0,5.2,,1023.5,
2021-11-07,8.7,4.0,16.1,0.0,,2.0,4.7,,1023.3,
2021-11-08,9.6,4.3,16.8,0.0,,68.0,4.5,,1021.8,
2021-11-09,9.8,3.2,18.0,0.0,,104.0,5.8,,1021.6,
2021-11-10,3.7,-0.7,6.2,4.0,,321.0,8.6,,1025.2,
2021-11-11,1.1,-1.1,4.9,0.2,,325.0,5.2,,1030.2,
2021-11-12,3.5,-2.5,11.3,0.0,,105.0,4.5,,1024.4,
2021-11-13,6.3,1.1,14.9,0.0,,103.0,5.9,,1024.0,
2021-11-14,6.8,1.3,15.2,0.0,,97.0,6.6,,1023.3,
2021-11-15,6.6,3.2,13.7,0.0,,349.0,5.7,,1020.7,
2021-11-16,4.1,-0.2,9.7,0.0,,327.0,4.6,,1023.7,
2021-11-17,4.6,-0.2,13.2,0.0,,98.0,7.0,,1022.1,
2021-11-18,5.3,0.0,12.9,0.0,,99.0,5.1,,1021.3,
2021-11-19,5.1,2.2,10.9,0.0,,31.0,4.4,,1017.7,
2021-11-20,3.2,0.1,7.8,0.7,,328.0,3.3,,1016.9,
2021-11-21,4.0,0.8,9.2,0.0,,104.0,3.9,,1020.0,
2021-11-22,4.2,0.0,11.6,0.0,,99.0,6.7,,1021.8,
2021-11-23,4.7,0.6,11.3,0.0,,110.0,6.8,,1022.1,
2021-11-24,3.8,1.9,6.4,6.4,,10.0,4.7,,1020.6,
2021-11-25,3.1,1.4,4.4,10.1,,97.0,2.9,,1021.5,
2021-11-26,2.3,-2.4,6.1,0.0,,98.0,6.5,,1021.7,
2021-11-27,3.5,-1.8,7.9,0.6,,97.0,7.1,,1023.5,
2021-11-28,6.6,4.8,9.6,1.6,,111.0,7.7,,1019.6,
2021-11-29,8.0,4.4,12.7,0.0,,102.0,8.5,,1020.9,
2021-11-30,9.7,6.4,14.7,0.0,,131.0,12.4,,1011.2,
2021-12-01,1.8,-6.6,9.4,12.6,,304.0,6.2,,1011.1,
2021-12-02,-3.7,-7.6,1.7,0.0,,96.0,5.5,,1022.4,
2021-12-03,-3.2,-7.7,5.1,0.0,,91.0,8.3,,1024.2,
2021-12-04,-1.1,-6.9,6.6,0.1,,93.0,8.2,,1022.1,
2021-12-05,2.5,-2.2,8.1,0.0,,96.0,6.9,,1017.9,
2021-12-06,1.9,-2.2,8.6,0.0,,91.0,6.6,,1022.1,
2021-12-07,4.5,0.5,10.9,0.0,,100.0,11.2,,1020.2,
2021-12-08,5.0,2.5,9.5,0.0,,121.0,12.3,,1013.2,
2021-12-09,2.9,0.4,6.3,1.2,,114.0,6.2,,1019.9,
2021-12-10,1.8,-1.3,7.1,0.0,,98.0,7.7,,1027.9,
2021-12-11,3.6,-0.1,10.4,0.0,,96.0,6.8,,1025.5,
2021-12-12,4.0,0.4,11.5,0.0,,88.0,7.7,,1026.0,
2021-12-13,4.8,0.4,11.2,0.0,,86.0,7.9,,1023.2,
2021-12-14,5.2,2.4,10.0,0.4,,94.0,8.2,,1019.0,
2021-12-15,4.6,1.0,10.2,0.0,,113.0,10.7,,1016.6,
2021-12-16,4.3,0.8,9.9,0.0,,121.0,10.3,,1017.6,
2021-12-17,2.4,-0.3,5.8,0.5,,121.0,7.1,,1014.9,
2021-12-18,1.2,-0.9,3.0,6.6,,90.0,4.2,,1013.4,
2021-12-19,1.9,-1.4,4.7,5.1,,104.0,7.8,,1014.3,
2021-12-20,2.1,0.6,3.8,5.2,,112.0,8.6,,1009.5,
2021-12-21,-3.5,-9.3,0.5,2.3,,110.0,5.5,,1014.1,
2021-12-22,-8.4,-13.2,-4.1,0.1,,68.0,5.7,,1025.7,
2021-12-23,-8.4,-12.1,-4.7,0.5,,41.0,5.3,,1026.5,
2021-12-24,-10.1,-16.0,-4.0,0.0,,89.0,5.8,,1026.5,
2021-12-25,-5.3,-10.5,1.4,0.0,,98.0,7.6,,1026.6,
2021-12-26,-3.1,-6.7,4.0,0.0,,97.0,7.2,,1025.8,
2021-12-27,1.7,-4.0,6.0,0.0,,94.0,6.3,,1026.4,
2021-12-28,1.7,-5.4,6.6,0.0,,91.0,7.5,,1022.2,
2021-12-29,2.3,-5.3,6.2,0.0,,94.0,7.0,,1020.3,
2021-12-30,2.0,-4.7,5.8,0.0,,98.0,7.1,,1021.2,
2021-12-31,-3.0,-7.2,4.4,0.0,,100.0,6.0,,1023.0,
2022-01-01,-1.3,-5.9,2.9,2.1,,100.0,6.6,,1021.3,
2022-01-02,-0.4,-2.7,1.3,7.2,,22.0,6.8,,1018.2,
2022-01-03,-2.9,-5.6,-0.4,1.1,,76.0,4.8,,1021.6,
2022-01-04,-2.0,-4.7,0.9,5.7,,84.0,4.6,,1018.5,
2022-01-05,-4.6,-10.2,2.5,0.0,,87.0,7.3,,1023.9,
2022-01-06,-3.0,-7.4,4.4,0.0,,93.0,8.3,,1023.5,
2022-01-07,-3.2,-7.7,3.6,0.0,,97.0,6.5,,1023.9,
2022-01-08,-4.4,-9.2,2.3,0.0,,96.0,7.6,,1025.4,
2022-01-09,-3.0,-8.0,3.5,0.6,,94.0,9.2,,1021.1,
2022-01-10,1.2,-2.9,4.8,0.3,,108.0,10.5,,1014.1,
2022-01-11,6.3,3.5,7.5,0.0,79.0,113.0,8.1,,1018.4,
2022-01-12,4.0,1.9,5.0,2.8,51.0,101.0,7.3,,1017.4,
2022-01-13,-2.1,-6.6,-1.0,16.5,41.0,308.0,7.1,,1021.7,
2022-01-14,-3.9,-12.2,-1.5,0.8,51.0,278.0,4.5,,1022.7,
2022-01-15,-4.3,-7.9,-2.9,0.0,30.0,42.0,5.6,,1013.9,
2022-01-16,-9.8,-14.5,-6.6,2.8,,24.0,3.4,,1022.2,
2022-01-17,-9.2,-14.6,-5.7,2.1,,98.0,4.7,,1025.9,
2022-01-18,-8.0,-15.0,-3.2,6.1,,81.0,8.9,,1020.9,
2022-01-19,-7.8,-9.2,-6.3,10.0,,323.0,6.5,,1021.2,
2022-01-20,-8.5,-11.7,-6.2,3.9,,322.0,4.1,,1025.8,
2022-01-21,-10.8,-14.7,-4.9,0.0,,89.0,8.8,,1028.2,
2022-01-22,-7.8,-12.6,-3.3,0.1,,92.0,10.1,,1023.0,
2022-01-23,-3.5,-6.8,-0.3,2.3,,114.0,15.5,,1012.5,
2022-01-24,-4.9,-6.5,-2.4,11.6,,56.0,6.8,,1018.5,
2022-01-25,-7.6,-12.1,-4.4,3.9,,72.0,7.9,,1025.2,
2022-01-26,-4.0,-6.4,-0.5,7.8,,75.0,6.0,,1016.8,
2022-01-27,-5.1,-7.6,-3.5,3.0,,296.0,6.2,,1019.8,
2022-01-28,-11.2,-15.3,-6.9,0.0,,87.0,5.6,,1026.8,
2022-01-29,-11.7,-16.6,-5.9,0.0,,87.0,8.0,,1028.0,
2022-01-30,-8.4,-13.0,-4.2,0.9,,93.0,7.9,,1025.0,
2022-01-31,-2.6,-5.2,0.8,1.4,,100.0,8.8,,1016.8,
2022-02-01,-0.4,-3.2,2.9,1.5,,113.0,8.1,,1017.6,
2022-02-02,1.2,-1.7,4.2,0.1,,110.0,9.9,,1021.9,
2022-02-03,1.6,-0.6,4.8,0.4,,102.0,9.1,,1017.2,
2022-02-04,-1.4,-4.4,0.9,6.1,,36.0,5.8,,1014.6,
2022-02-05,-6.8,-11.4,-4.0,0.9,,308.0,5.6,,1023.3,
2022-02-06,-6.4,-12.1,-1.3,0.3,,82.0,4.8,,1025.3,
2022-02-07,-5.9,-10.9,-0.7,0.0,,94.0,7.4,,1025.1,
2022-02-08,-2.9,-9.6,2.2,0.0,,95.0,9.0,,1020.5,
2022-02-09,1.8,-0.3,5.3,1.4,,87.0,7.9,,1016.1,
2022-02-10,-1.5,-3.8,0.2,6.3,,309.0,8.0,,1022.3,
2022-02-11,-3.0,-8.4,1.7,0.0,,71.0,3.4,,1028.5,
2022-02-12,-2.2,-7.4,6.2,0.0,,92.0,5.7,,1028.0,
2022-02-13,-3.0,-6.5,1.6,0.0,,34.0,3.5,,1029.3,
2022-02-14,-1.0,-4.4,4.1,0.0,,74.0,5.4,,1020.3,
2022-02-15,-2.4,-5.6,1.6,0.0,,74.0,3.3,,1024.7,
2022-02-16,-3.1,-10.3,0.8,0.0,,70.0,3.8,,1024.9,
2022-02-17,-4.8,-10.0,2.2,0.0,,97.0,7.1,,1020.2,
2022-02-18,-3.2,-8.1,3.4,0.0,,100.0,8.1,,1015.5,
2022-02-19,-1.2,-6.2,3.8,0.1,,91.0,5.4,,1021.2,
2022-02-20,0.0,-4.4,5.6,0.0,,99.0,4.4,,1021.8,
2022-02-21,0.9,-1.9,4.7,0.3,,94.0,5.4,,1018.4,
2022-02-22,1.0,-5.3,6.7,0.0,,104.0,7.6,,1016.8,
2022-02-23,3.4,-0.1,7.4,0.1,,112.0,7.3,,1019.3,
2022-02-24,2.9,-2.5,8.3,0.2,,103.0,8.8,,1018.5,
2022-02-25,4.5,1.2,7.7,1.3,,127.0,9.0,,1009.7,
2022-02-26,2.3,1.1,3.7,3.8,,162.0,4.4,,1017.1,
2022-02-27,1.9,-1.7,6.2,0.0,,103.0,4.7,,1023.0,
2022-02-28,1.3,-4.3,7.0,0.1,,116.0,8.4,,1020.6,
2022-03-01,3.1,1.0,5.6,8.9,,106.0,5.6,,1017.6,
2022-03-02,3.4,-0.9,7.4,2.0,,111.0,7.8,,1014.7,
2022-03-03,3.3,-2.6,7.6,15.7,,120.0,10.7,,1003.2,
2022-03-04,-3.7,-9.2,-1.6,3.2,,314.0,7.5,,1016.1,
2022-03-05,-4.8,-9.6,1.2,0.0,,106.0,7.0,,1019.9,
2022-03-06,-2.6,-8.1,2.9,0.5,,62.0,5.4,,1018.8,
2022-03-07,-2.5,-8.6,4.8,0.0,,101.0,6.8,,1013.9,
2022-03-08,-0.4,-2.5,2.0,1.4,,53.0,5.6,,1011.9,
2022-03-09,-0.6,-3.6,2.9,5.6,,37.0,6.5,,1009.2,
2022-03-10,-3.0,-5.5,0.3,4.4,,22.0,5.1,,1010.3,
2022-03-11,-5.1,-7.1,-3.4,10.9,,324.0,8.3,,1011.2,
2022-03-12,-7.6,-10.4,-4.8,2.8,,326.0,6.8,,1022.8,
2022-03-13,-7.8,-10.7,-4.1,3.2,,308.0,5.6,,1024.8,
2022-03-14,-6.7,-8.4,-4.4,4.1,,300.0,7.6,,1030.0,
2022-03-15,-6.6,-7.7,-5.0,2.5,,306.0,8.0,,1031.3,
2022-03-16,-5.9,-9.6,-3.2,3.7,,311.0,4.5,,1028.7,
2022-03-17,-6.4,-12.7,-1.6,2.0,,85.0,5.3,,1025.5,
2022-03-18,-6.8,-8.4,-4.6,3.9,,322.0,6.3,,1028.0,
2022-03-19,-8.1,-9.6,-6.3,7.4,,318.0,8.6,,1026.8,
2022-03-20,-6.2,-8.8,-3.4,2.6,,291.0,5.8,,1025.3,
2022-03-21,-4.4,-6.0,-2.0,1.6,,292.0,5.0,,1026.0,
2022-03-22,-4.0,-7.5,-0.2,0.0,,323.0,3.4,,1023.5,
2022-03-23,-0.5,-5.6,4.8,2.6,,112.0,4.1,,1017.8,
2022-03-24,-1.0,-2.7,1.8,4.9,,286.0,4.5,,1015.8,
2022-03-25,-3.3,-10.3,1.4,0.0,,296.0,4.0,,1018.6,
2022-03-26,-3.0,-8.3,1.6,0.0,,28.0,4.7,,1024.8,
2022-03-27,-3.3,-9.7,1.9,0.4,,81.0,3.2,,1028.0,
2022-03-28,-1.0,-4.4,2.6,0.6,,356.0,4.7,,1031.1,
2022-03-29,1.1,-6.5,7.9,0.0,,102.0,6.7,,1025.5,
2022-03-30,2.5,-1.1,6.6,1.5,,100.0,6.4,,1019.7,
2022-03-31,3.4,-2.3,9.7,0.0,,106.0,7.5,,1021.6,
2022-04-01,7.2,1.8,13.5,0.0,,104.0,7.6,,1021.2,
2022-04-02,8.7,4.3,15.8,0.0,,103.0,8.4,,1016.4,
2022-04-03,9.5,3.3,16.1,0.0,,120.0,8.6,,1011.8,
2022-04-04,5.0,-0.1,10.9,0.0,,28.0,6.0,,1017.8,
2022-04-05,6.9,-0.7,14.2,0.5,,112.0,7.0,,1015.6,
2022-04-06,7.9,3.8,13.5,6.2,,73.0,5.1,,1012.9,
2022-04-07,7.1,1.3,13.7,0.0,,136.0,4.7,,1011.4,
2022-04-08,7.7,3.4,12.8,8.0,,88.0,6.7,,1007.0,
2022-04-09,7.5,2.6,12.8,1.3,,316.0,4.3,,1015.0,
2022-04-10,7.4,1.0,15.0,0.2,,112.0,8.1,,1013.5,
2022-04-11,9.5,3.4,16.4,1.5,,125.0,9.6,,1008.1,
2022-04-12,1.7,-1.8,5.9,15.2,,308.0,9.4,,1012.9,
2022-04-13,-2.1,-7.8,0.7,3.6,,305.0,6.6,,1019.9,
2022-04-14,-2.3,-12.3,5.1,0.1,,102.0,5.9,,1022.9,
2022-04-15,4.3,0.3,9.1,0.8,,344.0,4.5,,1021.7,
2022-04-16,4.4,-3.7,11.8,0.0,,65.0,4.0,,1018.5,
2022-04-17,7.5,-2.5,16.5,0.0,,116.0,7.4,,1015.7,
2022-04-18,12.7,7.3,21.1,0.1,,120.0,11.8,,1012.8,
2022-04-19,11.5,7.7,16.6,3.5,,132.0,8.4,,1010.8,
2022-04-20,8.5,3.8,13.5,5.9,,349.0,5.1,,1014.1,
2022-04-21,8.0,1.3,15.5,0.0,,63.0,7.5,,1016.4,
2022-04-22,8.6,1.1,16.5,0.0,,32.0,4.4,,1019.1,
2022-04-23,11.9,3.0,21.2,0.0,,117.0,4.9,,1015.0,
2022-04-24,13.9,6.4,22.1,0.1,,38.0,5.5,,1013.5,
2022-04-25,14.8,6.8,23.1,0.0,,42.0,4.9,,1013.0,
2022-04-26,15.1,8.1,23.6,1.9,,38.0,4.6,,1012.5,
2022-04-27,14.9,8.1,22.6,0.5,,34.0,5.2,,1013.1,
2022-04-28,13.8,7.4,23.0,0.3,,92.0,4.3,,1014.6,
2022-04-29,14.0,7.6,20.5,1.8,,114.0,5.4,,1015.7,
2022-04-30,13.7,7.1,21.6,2.2,,104.0,5.1,,1013.3,
2022-05-01,11.0,7.8,15.7,2.0,,316.0,7.6,,1011.7,
2022-05-02,9.2,6.8,14.4,0.1,,310.0,6.7,,1014.4,
2022-05-03,10.9,4.4,17.9,0.9,,129.0,6.4,,1011.7,
2022-05-04,12.2,7.9,19.1,10.3,,125.0,5.3,,1010.6,
2022-05-05,6.1,4.2,9.9,9.5,,302.0,9.2,,1014.0,
2022-05-06,6.1,3.6,10.3,3.7,,315.0,8.0,,1014.5,
2022-05-07,6.5,4.8,9.4,1.3,,313.0,6.9,,1016.1,
2022-05-08,6.1,3.2,9.3,0.0,,310.0,6.2,,1020.1,
2022-05-09,7.1,2.2,11.6,0.0,,325.0,5.6,,1018.9,
2022-05-10,7.2,1.7,12.5,0.8,,329.0,6.2,,1019.4,
2022-05-11,7.7,-0.2,14.7,0.0,,351.0,6.8,,1018.0,
2022-05-12,7.1,2.5,12.2,1.9,,348.0,6.7,,1021.8,
2022-05-13,10.6,0.2,19.3,0.0,,104.0,5.1,,1022.3,
2022-05-14,13.9,5.5,21.7,0.3,,94.0,8.1,,1017.9,
2022-05-15,14.4,8.3,21.7,9.0,,133.0,5.1,,1015.5,
2022-05-16,10.6,7.8,14.8,5.6,,319.0,10.0,,1018.4,
2022-05-17,10.1,1.5,17.6,0.0,,344.0,6.7,,1017.6,
2022-05-18,12.6,1.9,21.6,0.0,,97.0,6.2,,1014.8,
2022-05-19,10.7,4.5,17.7,3.9,,317.0,7.3,,1017.6,
2022-05-20,6.4,3.6,9.9,1.6,,322.0,9.6,,1024.8,
2022-05-21,10.5,-0.2,19.3,0.0,,11.0,5.0,,1021.7,
2022-05-22,14.9,5.4,22.9,0.2,,131.0,8.4,,1010.6,
2022-05-23,10.1,5.7,12.8,4.0,,340.0,7.8,,1006.9,
2022-05-24,7.7,4.0,13.0,5.1,,329.0,6.1,,1013.0,
2022-05-25,8.1,-0.1,14.9,0.0,,349.0,6.9,,1019.5,
2022-05-26,,,,,,,,,,
2022-05-27,,,,,,,,,,
2022-05-28,15.8,7.4,24.5,0.5,,86.0,4.8,,1015.3,
2022-05-29,18.4,11.5,24.9,0.0,,32.0,5.6,,1015.9,
2022-05-30,19.3,10.6,27.3,0.0,,26.0,5.1,,1016.4,
2022-05-31,22.1,14.3,28.5,2.0,,5.0,4.4,,1015.4,
2022-06-01,24.3,11.2,30.9,0.5,,80.0,5.5,,1014.7,
2022-06-02,26.9,12.0,31.9,2.0,,117.0,7.1,,1016.5,
2022-06-03,29.9,18.3,34.7,0.0,,108.0,6.9,,1016.5,
2022-06-04,29.5,15.3,35.0,0.0,,111.0,7.3,,1012.7,
2022-06-05,27.0,12.8,32.4,0.0,,39.0,8.4,,1011.0,
2022-06-06,23.3,13.7,30.9,0.5,,321.0,6.2,,1010.4,
2022-06-07,22.1,13.2,26.3,0.0,,311.0,5.6,,1010.0,
2022-06-08,18.0,12.3,25.2,3.2,,118.0,5.2,,1010.2,
2022-06-09,16.9,12.9,23.2,7.3,,158.0,5.9,,1010.9,
2022-06-10,17.1,9.5,23.5,0.6,,346.0,5.7,,1013.4,
2022-06-11,18.8,10.9,25.2,0.0,,332.0,5.0,,1013.2,
2022-06-12,19.5,13.5,26.0,1.2,,125.0,8.5,,1005.7,
2022-06-13,17.2,12.8,23.1,5.2,,286.0,4.6,,1005.1,
2022-06-14,16.4,11.3,21.0,4.4,,187.0,4.9,,1010.3,
2022-06-15,15.6,11.6,20.0,0.2,,320.0,7.5,,1016.0,
2022-06-16,15.8,7.4,23.3,0.0,,345.0,5.9,,1018.1,
2022-06-17,17.3,10.3,23.4,0.4,,319.0,5.7,,1016.2,
2022-06-18,18.0,13.1,24.0,0.0,,321.0,6.1,,1014.7,
2022-06-19,18.2,13.1,25.1,0.0,,322.0,6.8,,1014.9,
2022-06-20,19.3,12.9,27.4,0.0,,316.0,5.8,,1013.5,
2022-06-21,19.1,13.5,26.3,1.0,,315.0,7.9,,1005.8,
2022-06-22,15.5,13.4,19.1,8.2,,303.0,9.6,,1006.8,
2022-06-23,14.8,11.1,19.0,0.5,,299.0,7.1,,1011.8,
2022-06-24,14.0,8.0,20.4,4.9,,123.0,5.6,,1010.8,
2022-06-25,14.0,9.2,20.1,9.1,,86.0,4.8,,1010.0,
2022-06-26,14.0,11.2,18.4,4.9,,301.0,5.1,,1009.8,
2022-06-27,14.1,7.2,21.0,0.2,,77.0,4.8,,1011.1,
2022-06-28,16.8,10.3,24.3,0.8,,125.0,6.2,,1010.7,
2022-06-29,17.3,10.9,23.9,0.5,,325.0,5.1,,1012.1,
2022-06-30,18.8,12.7,26.0,0.0,,312.0,5.5,,1011.8,
2022-07-01,18.4,13.1,24.7,0.2,,336.0,7.2,,1011.7,
2022-07-02,16.7,10.4,21.0,0.6,,320.0,10.3,,1014.9,
2022-07-03,14.1,8.0,20.3,0.0,,328.0,8.4,,1016.7,
2022-07-04,14.6,7.4,22.2,0.0,,344.0,6.8,,1015.6,
2022-07-05,16.3,8.3,24.8,0.0,,341.0,6.4,,1013.7,
2022-07-06,19.4,11.0,28.4,0.0,,332.0,5.2,,1010.5,
2022-07-07,21.7,14.3,29.8,0.0,,32.0,6.6,,1009.1,
2022-07-08,22.4,14.7,25.2,10.4,,318.0,5.5,,1011.4,
2022-07-09,26.4,13.3,30.9,2.3,,343.0,5.3,,1008.9,
2022-07-10,27.2,14.8,35.7,0.0,,42.0,8.1,,1003.3,
2022-07-11,20.5,16.1,24.2,0.0,,318.0,9.0,,1012.1,
2022-07-12,21.6,15.6,25.2,0.0,,331.0,7.7,,1016.3,
2022-07-13,20.3,15.5,24.4,0.0,,324.0,7.8,,1015.0,
2022-07-14,18.4,15.0,20.1,0.0,,330.0,10.5,,1016.2,
2022-07-15,19.2,13.2,28.3,0.0,,312.0,7.2,,1011.8,
2022-07-16,18.6,14.8,25.2,0.0,,322.0,9.3,,1012.7,
2022-07-17,19.4,15.7,24.6,0.0,,319.0,9.5,,1014.9,
2022-07-18,19.3,16.7,22.8,0.0,,323.0,10.9,,1015.9,
2022-07-19,18.7,15.3,23.9,0.0,,324.0,9.2,,1016.7,
2022-07-20,17.9,13.7,24.5,0.0,,314.0,8.5,,1015.2,
2022-07-21,16.7,14.5,19.9,0.0,,322.0,9.5,,1013.3,
2022-07-22,17.2,13.9,22.2,0.0,,316.0,8.8,,1014.6,
2022-07-23,15.7,9.0,22.3,0.0,,335.0,8.1,,1016.2,
2022-07-24,14.9,8.9,21.2,0.0,,338.0,8.6,,1015.2,
2022-07-25,21.6,8.6,25.1,0.0,,350.0,6.7,,1013.4,
2022-07-26,21.7,13.1,27.1,0.0,,330.0,7.9,,1011.7,
2022-07-27,24.1,14.5,28.9,0.0,,350.0,6.6,,1012.6,
2022-07-28,26.2,12.0,33.2,0.0,,351.0,5.9,,1014.0,
2022-07-29,27.9,14.4,35.5,0.0,,338.0,5.9,,1014.0,
2022-07-30,28.7,15.4,35.8,0.0,,340.0,6.2,,1011.1,
2022-07-31,22.5,15.4,31.3,0.0,,311.0,6.1,,1008.5,
2022-08-01,22.4,16.9,29.9,0.3,,332.0,6.6,,1008.6,
2022-08-02,21.6,14.4,29.5,0.0,,338.0,6.6,,1010.6,
2022-08-03,21.3,15.2,28.5,0.2,,330.0,6.9,,1013.1,
2022-08-04,21.9,14.7,29.5,0.4,,335.0,6.3,,1014.4,
2022-08-05,21.8,16.3,28.9,0.3,,349.0,6.4,,1013.0,
2022-08-06,20.5,13.4,28.5,0.0,,355.0,6.5,,1010.5,
2022-08-07,20.3,14.2,27.5,0.0,,338.0,7.0,,1008.4,
2022-08-08,20.5,15.3,26.9,1.3,,343.0,6.2,,1010.9,
2022-08-09,22.6,14.9,30.7,0.0,,320.0,5.1,,1009.9,
2022-08-10,22.5,16.7,30.6,0.0,,310.0,6.5,,1008.2,
2022-08-11,21.5,16.0,27.8,1.0,,317.0,6.9,,1010.2,
2022-08-12,24.4,17.0,28.2,0.0,,324.0,6.6,,1012.9,
2022-08-13,26.6,17.2,33.5,0.0,,310.0,6.4,,1010.2,
2022-08-14,27.2,19.2,33.3,0.0,,343.0,6.3,,1007.4,
2022-08-15,29.7,16.6,37.5,0.0,,100.0,5.9,,1006.7,
2022-08-16,26.3,19.1,32.8,0.0,,324.0,6.7,,1012.2,
2022-08-17,27.4,18.8,33.7,0.0,,302.0,6.8,,1012.0,
2022-08-18,25.6,19.3,31.2,0.0,,304.0,6.7,,1010.8,
2022-08-19,24.2,16.6,30.2,1.0,,305.0,6.4,,1010.1,
2022-08-20,23.3,16.4,31.3,4.1,,306.0,6.1,,1010.6,
2022-08-21,28.4,17.0,35.1,0.0,,96.0,5.4,,1008.5,
2022-08-22,26.3,17.7,35.9,6.1,,72.0,5.2,,1008.3,
2022-08-23,29.6,14.1,36.1,0.0,,67.0,5.0,,1011.0,
2022-08-24,31.1,16.4,36.9,0.0,,97.0,6.8,,1011.1,
2022-08-25,32.3,16.4,37.7,0.0,,126.0,9.1,,1008.5,
2022-08-26,25.6,17.9,34.5,0.0,,115.0,9.2,,1008.3,
2022-08-27,24.5,16.9,33.5,0.0,,68.0,7.0,,1010.9,
2022-08-28,23.1,15.3,33.9,0.0,,26.0,5.7,,1013.9,
2022-08-29,22.0,16.0,29.8,0.3,,332.0,5.5,,1016.8,
2022-08-30,23.1,14.2,33.2,0.0,,41.0,5.2,,1016.0,
2022-08-31,25.4,17.2,33.7,0.0,,94.0,7.3,,1012.9,
2022-09-01,26.0,17.9,33.1,0.0,,111.0,7.2,,1011.8,
2022-09-02,25.9,18.5,32.8,0.5,,136.0,8.7,,1013.8,
2022-09-03,25.9,16.9,34.0,0.0,,119.0,8.3,,1014.5,
2022-09-04,21.5,16.3,26.9,0.2,,318.0,8.6,,1016.3,
2022-09-05,20.9,14.6,25.8,0.0,,321.0,8.5,,1016.5,
2022-09-06,16.1,10.2,18.9,0.0,,325.0,9.8,,1017.3,
2022-09-07,15.2,11.6,18.4,0.0,,343.0,8.4,,1019.0,
2022-09-08,17.8,6.7,22.3,0.0,,340.0,5.6,,1019.7,
2022-09-09,21.8,6.4,27.0,0.0,,345.0,5.7,,1019.9,
2022-09-10,24.7,8.4,30.8,0.0,,10.0,5.2,,1017.1,
2022-09-11,26.2,11.7,31.6,0.0,,26.0,5.3,,1013.8,
2022-09-12,28.4,12.5,33.1,0.0,,94.0,7.0,,1007.7,
2022-09-13,19.5,13.8,24.3,1.0,,298.0,6.3,,1008.6,
2022-09-14,17.9,12.6,22.5,0.0,,310.0,6.8,,1015.3,
2022-09-15,23.3,7.0,28.5,0.0,,19.0,4.7,,1017.5,
2022-09-16,25.4,10.4,30.5,0.0,,5.0,4.8,,1015.9,
2022-09-17,27.2,12.6,33.3,0.0,,55.0,5.0,,1013.2,
2022-09-18,29.6,13.2,34.9,0.0,,103.0,7.2,,1010.8,
2022-09-19,21.5,13.8,27.8,0.0,,333.0,6.5,,1012.9,
2022-09-20,23.8,11.3,31.3,2.0,,124.0,6.9,,1011.8,
2022-09-21,16.8,13.0,20.5,2.5,,321.0,5.3,,1011.3,
2022-09-22,18.0,11.7,23.1,16.5,10.0,147.0,7.0,,1009.4,
2022-09-23,14.1,9.3,20.4,1.8,,46.0,5.3,,1013.0,
2022-09-24,11.4,5.9,15.6,2.3,,24.0,6.1,,1017.7,
2022-09-25,14.9,6.3,20.0,1.3,,43.0,4.5,,1023.1,
2022-09-26,20.4,5.1,27.4,0.0,,82.0,4.9,,1019.6,
2022-09-27,22.5,6.1,28.9,0.0,,111.0,7.3,,1014.6,
2022-09-28,23.7,9.5,30.1,0.0,,101.0,6.8,,1011.8,
2022-09-29,21.5,10.1,26.2,0.0,,13.0,5.3,,1015.1,
2022-09-30,21.9,9.8,26.4,0.0,,9.0,5.2,,1020.4,
2022-10-01,20.9,8.5,25.1,0.0,,17.0,5.1,,1023.2,
2022-10-02,22.3,8.0,28.3,0.0,,109.0,5.1,,1014.3,
2022-10-03,16.3,12.1,19.8,3.0,,274.0,4.8,,1012.7,
2022-10-04,17.9,11.3,28.0,3.0,,92.0,7.7,,1013.5,
2022-10-05,15.9,11.4,18.8,0.0,,343.0,6.2,,1020.8,
2022-10-06,15.8,10.6,20.4,0.0,,322.0,6.9,,1023.2,
2022-10-07,20.6,11.4,28.4,0.0,,104.0,3.9,,1019.1,
2022-10-08,14.9,10.5,17.8,4.1,,113.0,10.9,,1014.3,
2022-10-09,14.2,10.5,18.1,3.3,,148.0,6.0,,1015.5,
2022-10-10,12.8,7.0,14.7,0.0,,347.0,4.9,,1022.1,
2022-10-11,15.1,7.9,20.3,0.3,,3.0,4.6,,1023.6,
2022-10-12,16.2,8.8,21.9,0.0,,26.0,4.2,,1020.7,
2022-10-13,13.6,9.9,15.7,0.0,,331.0,3.1,,1019.6,
2022-10-14,14.9,8.5,20.9,0.5,,89.0,4.6,,1017.1,
2022-10-15,11.9,10.1,15.0,4.8,,106.0,4.6,,1015.9,
2022-10-16,13.8,8.0,19.7,0.0,,102.0,5.4,,1019.2,
2022-10-17,13.4,9.0,20.9,2.5,,49.0,5.3,,1023.9,
2022-10-18,13.5,10.7,19.3,0.0,,303.0,3.5,,1025.7,
2022-10-19,12.8,8.6,18.2,6.0,,116.0,6.8,,1018.1,
2022-10-20,11.0,7.8,15.0,15.3,,105.0,6.4,,1015.9,
2022-10-21,6.3,4.0,8.5,0.6,,325.0,7.2,,1023.4,
2022-10-22,6.3,3.0,12.5,0.0,,328.0,4.0,,1026.3,
2022-10-23,7.8,1.5,15.4,0.0,,104.0,6.5,,1023.4,
2022-10-24,12.2,6.6,15.4,0.0,,329.0,5.8,,1023.1,
2022-10-25,11.7,6.0,16.5,0.0,,58.0,3.8,,1023.4,
2022-10-26,14.3,2.0,19.6,0.0,,100.0,6.3,,1020.6,
2022-10-27,11.7,2.8,16.9,0.0,,317.0,5.8,,1024.7,
2022-10-28,9.3,2.4,13.6,0.0,,319.0,4.8,,1027.3,
2022-10-29,10.1,2.1,15.7,0.0,,332.0,3.5,,1025.6,
2022-10-30,11.4,3.8,17.5,0.0,,111.0,5.4,,1021.2,
2022-10-31,13.3,1.3,19.0,0.0,,40.0,6.6,,1017.8,
2022-11-01,8.1,4.1,10.7,0.5,,292.0,6.5,,1022.0,
2022-11-02,9.9,2.7,14.7,0.0,,24.0,4.4,,1021.5,
2022-11-03,10.6,0.5,15.7,0.0,,356.0,5.1,,1019.1,
2022-11-04,10.9,2.1,15.0,0.0,,29.0,4.5,,1019.1,
2022-11-05,11.8,1.5,17.2,0.0,,54.0,6.4,,1019.5,
2022-11-06,12.1,0.8,17.2,0.0,,28.0,5.4,,1020.1,
2022-11-07,11.9,1.3,17.1,0.0,,97.0,5.6,,1017.1,
2022-11-08,7.9,6.3,10.8,3.3,,146.0,4.9,,1017.9,
2022-11-09,7.6,4.7,12.5,1.3,,291.0,2.6,,1020.2,
2022-11-10,6.6,4.1,11.3,0.0,,30.0,3.0,,1023.4,
2022-11-11,6.1,1.2,12.6,0.0,,67.0,4.0,,1026.1,
2022-11-12,5.6,0.6,13.0,0.0,,32.0,3.9,,1028.8,
2022-11-13,5.6,1.8,12.8,0.0,,19.0,4.2,,1028.4,
2022-11-14,4.7,-0.5,11.5,0.0,,2.0,4.5,,1023.4,
2022-11-15,4.4,-0.9,12.6,0.0,,95.0,4.1,,1020.7,
2022-11-16,6.9,1.3,10.6,2.0,,96.0,6.8,,1016.2,
2022-11-17,9.8,3.7,12.9,0.5,,126.0,7.8,,1015.1,
2022-11-18,10.0,7.2,12.3,0.3,,120.0,7.3,,1019.0,
2022-11-19,11.9,8.5,14.4,0.0,,115.0,7.5,,1024.0,
2022-11-20,11.0,2.6,15.5,0.0,,98.0,7.0,,1026.5,
2022-11-21,11.6,3.8,15.5,0.0,,93.0,7.6,,1021.8,
2022-11-22,13.0,6.4,18.0,0.0,,108.0,9.8,,1016.9,
2022-11-23,12.2,5.9,15.1,0.0,,105.0,8.2,,1019.6,
2022-11-24,12.7,2.5,15.6,0.0,,113.0,10.5,,1015.5,
2022-11-25,10.3,4.1,12.1,0.8,,128.0,9.6,,1010.7,
2022-11-26,5.5,4.4,6.3,8.6,,286.0,4.5,,1016.6,
2022-11-27,6.3,-1.7,8.4,3.3,,314.0,3.5,,1024.5,
2022-11-28,6.0,-0.9,10.6,0.0,,86.0,6.6,,1021.7,
2022-11-29,8.6,1.2,12.1,0.0,,89.0,6.9,,1020.5,
2022-11-30,6.6,2.9,12.1,0.0,,99.0,4.3,,1019.6,
2022-12-01,5.5,1.3,12.2,0.0,,92.0,5.9,,1021.9,
2022-12-02,5.0,1.0,10.7,0.0,,93.0,5.3,,1022.1,
2022-12-03,4.1,0.4,8.7,0.5,,5.0,4.1,,1023.7,
2022-12-04,4.6,0.5,8.5,0.0,,265.0,2.7,,1026.3,
2022-12-05,2.0,-2.8,7.6,0.0,,47.0,3.9,,1025.0,
2022-12-06,5.4,1.4,7.6,0.0,,78.0,3.9,,1022.6,
2022-12-07,6.9,0.6,9.3,0.0,,112.0,7.5,,1021.4,
2022-12-08,7.1,-0.1,10.3,0.0,,104.0,7.4,,1024.7,
2022-12-09,7.0,2.6,10.0,0.0,,99.0,6.6,,1025.0,
2022-12-10,6.0,-0.7,10.1,0.0,,94.0,5.7,,1023.0,
2022-12-11,6.9,0.5,9.9,0.0,,101.0,7.9,,1020.6,
2022-12-12,8.4,5.6,10.0,0.0,,105.0,7.6,,1017.1,
2022-12-13,4.3,2.0,8.0,0.7,,118.0,7.8,,1016.3,
2022-12-14,4.5,1.0,8.5,0.1,,112.0,9.2,,1019.4,
2022-12-15,6.2,3.7,10.3,1.3,,122.0,8.0,,1020.9,
2022-12-16,6.2,1.2,10.7,1.5,,52.0,4.6,,1024.2,
2022-12-17,3.3,-1.9,11.3,0.0,,85.0,5.1,,1026.7,
2022-12-18,4.6,0.3,11.9,0.0,,64.0,4.2,,1026.9,
2022-12-19,3.3,0.1,9.4,0.3,,340.0,5.2,,1027.0,
2022-12-20,0.1,-1.6,3.4,2.9,,322.0,5.0,,1028.6,
2022-12-21,1.7,-2.0,7.5,0.0,,88.0,4.1,,1023.5,
2022-12-22,1.0,-2.4,7.1,0.0,,89.0,4.7,,1022.4,
2022-12-23,0.4,-2.9,6.9,0.0,,86.0,6.0,,1020.1,
2022-12-24,1.6,-4.4,6.0,0.0,,57.0,4.1,,1017.1,
2022-12-25,0.6,-5.0,3.0,0.0,,95.0,5.3,,1019.6,
2022-12-26,-1.3,-5.4,1.9,0.3,,351.0,3.6,,1025.1,
2022-12-27,-0.1,-4.0,4.7,0.0,,94.0,3.7,,1028.1,
2022-12-28,0.1,-2.6,3.7,1.9,,72.0,4.9,,1027.7,
2022-12-29,-0.8,-7.0,4.0,0.3,,325.0,3.5,,1031.0,
2022-12-30,0.8,-5.7,5.0,0.0,,90.0,6.4,,1032.5,
2022-12-31,0.1,-6.8,4.8,0.0,,70.0,5.1,,1032.5,
2023-01-01,-0.4,-7.3,4.3,0.0,,62.0,3.8,,1034.7,
2023-01-02,0.0,-6.3,8.5,0.0,,72.0,4.3,,1032.9,
2023-01-03,2.9,-2.4,11.4,0.0,,91.0,6.9,,1028.6,
2023-01-04,1.9,-2.8,9.0,0.0,,39.0,5.1,,1023.1,
2023-01-05,0.2,-3.5,4.5,0.1,,322.0,3.9,,1023.5,
2023-01-06,4.3,-3.7,8.8,0.0,,112.0,7.7,,1019.6,
2023-01-07,1.8,-0.2,4.4,1.5,10.0,320.0,3.7,,1024.3,
2023-01-08,0.6,-1.5,2.2,0.3,20.0,344.0,4.5,,1025.4,
2023-01-09,-1.6,-5.2,0.7,0.0,,92.0,4.8,,1028.8,
2023-01-10,-0.6,-8.8,4.4,0.0,,96.0,8.0,,1027.3,
2023-01-11,2.0,-7.8,7.9,0.0,,95.0,9.8,,1026.9,
2023-01-12,2.8,-4.9,7.3,0.0,,94.0,10.4,,1025.0,
2023-01-13,2.8,-4.2,7.0,0.0,,91.0,9.7,,1022.9,
2023-01-14,-3.7,-8.9,3.5,0.0,,100.0,11.0,,1024.0,
2023-01-15,-1.0,-7.1,4.4,0.0,,100.0,9.1,,1023.2,
2023-01-16,-3.6,-9.0,3.4,0.0,,92.0,9.6,,1022.6,
2023-01-17,-1.0,-5.8,4.9,0.0,,100.0,9.9,,1023.5,
2023-01-18,-2.3,-7.1,5.0,0.0,,96.0,8.1,,1026.0,
2023-01-19,-0.4,-5.5,7.2,0.0,,97.0,6.8,,1026.2,
2023-01-20,0.8,-5.1,9.3,0.0,,91.0,9.5,,1022.1,
2023-01-21,7.4,-1.2,12.0,0.0,,84.0,7.9,,1022.4,
2023-01-22,5.0,-3.9,10.5,0.0,,85.0,5.9,,1024.0,
2023-01-23,4.1,-4.7,8.7,0.0,,79.0,6.3,,1025.8,
2023-01-24,3.5,-4.3,7.4,0.0,,67.0,5.5,,1027.3,
2023-01-25,2.7,-2.5,6.4,0.0,,36.0,5.2,,1026.0,
2023-01-26,2.4,-3.2,6.3,0.0,,104.0,5.4,,1024.9,
2023-01-27,3.7,-7.1,7.5,0.0,,103.0,11.3,,1022.2,
2023-01-28,2.2,0.0,4.4,0.0,10.0,104.0,13.5,,1018.1,
2023-01-29,3.4,0.6,6.8,1.0,10.0,97.0,7.9,,1015.6,
2023-01-30,2.6,-2.9,5.8,0.0,,97.0,7.2,,1015.3,
2023-01-31,3.1,-4.3,6.2,0.0,,86.0,8.0,,1009.1,
2023-02-01,1.9,-7.7,5.8,0.0,,95.0,7.6,,1010.5,
2023-02-02,-1.0,-2.3,0.1,2.8,30.0,311.0,11.0,,1017.4,
2023-02-03,-2.1,-9.7,2.4,0.0,20.0,97.0,9.5,,1025.9,
2023-02-04,-1.8,-7.3,1.8,0.0,20.0,95.0,10.2,,1020.6,
2023-02-05,-0.6,-6.3,2.6,0.3,10.0,92.0,9.4,,1014.4,
2023-02-06,-1.0,-5.5,3.3,6.4,,96.0,11.9,,1005.2,
2023-02-07,-4.9,-7.6,-1.6,6.8,,307.0,10.9,,1013.4,
2023-02-08,-2.6,-8.6,0.3,0.0,61.0,312.0,8.0,,1024.0,
2023-02-09,-2.1,-8.1,2.3,0.0,41.0,19.0,6.4,,1031.9,
2023-02-10,-1.2,-12.0,3.6,0.0,30.0,84.0,6.0,,1034.8,
2023-02-11,-0.4,-6.4,3.7,0.0,30.0,85.0,6.6,,1033.4,
2023-02-12,-1.9,-11.4,3.6,0.0,30.0,93.0,5.6,,1029.0,
2023-02-13,-4.2,-7.5,-2.3,0.0,30.0,352.0,8.2,,1032.7,
2023-02-14,-2.7,-8.9,1.0,0.0,30.0,99.0,5.7,,1030.3,
2023-02-15,-3.4,-6.6,-0.6,0.8,41.0,83.0,7.4,,1022.9,
2023-02-16,-4.1,-8.0,-1.5,2.8,99.0,23.0,7.0,,1028.9,
2023-02-17,0.6,-6.1,4.0,1.8,89.0,94.0,8.3,,1032.5,
2023-02-18,2.4,-8.9,7.6,0.0,71.0,97.0,8.1,,1028.9,
2023-02-19,1.4,-1.0,2.7,0.3,71.0,106.0,11.6,,1024.5,
2023-02-20,5.4,0.3,8.3,5.6,41.0,95.0,11.9,,1020.5,
2023-02-21,3.7,-2.5,7.2,0.3,30.0,103.0,8.8,,1020.3,
2023-02-22,6.2,-0.3,9.2,0.0,20.0,97.0,8.6,,1019.5,
2023-02-23,2.2,-4.0,5.6,0.0,10.0,1.0,8.2,,1019.2,
2023-02-24,1.8,-5.0,5.4,0.0,,93.0,7.2,,1024.6,
2023-02-25,5.3,-6.0,9.5,0.0,,99.0,11.3,,1023.1,
2023-02-26,7.8,-2.9,11.9,0.0,,99.0,11.4,,1026.7,
2023-02-27,9.7,-1.4,14.3,0.0,,99.0,8.7,,1028.9,
2023-02-28,10.8,-0.7,17.0,0.0,,94.0,6.1,,1027.0,
2023-03-01,9.6,2.0,13.9,0.0,,88.0,6.6,,1022.2,
2023-03-02,8.2,4.0,11.7,1.8,,96.0,7.7,,1018.2,
2023-03-03,5.9,-0.1,9.5,0.0,,94.0,12.8,,1017.3,
2023-03-04,10.4,2.0,14.8,14.7,,108.0,11.3,,1016.4,
2023-03-05,9.9,4.8,12.4,2.0,,109.0,17.1,,1014.5,
2023-03-06,6.4,-0.1,10.7,1.0,,209.0,17.5,,1009.4,
2023-03-07,8.7,-1.6,12.4,0.0,,111.0,8.7,,1019.2,
2023-03-08,9.9,1.0,13.3,0.0,,98.0,7.8,,1017.0,
2023-03-09,10.3,0.1,15.7,0.0,,24.0,7.2,,1014.7,
2023-03-10,9.2,2.1,11.9,0.0,,104.0,11.1,,1016.4,
2023-03-11,12.8,5.2,14.6,0.0,,126.0,18.0,,1015.1,
2023-03-12,14.8,8.2,17.7,0.0,,123.0,25.5,,1011.4,
2023-03-13,4.4,4.1,7.9,3.0,,118.0,15.3,,1012.8,
2023-03-14,9.8,1.5,13.2,6.6,,125.0,18.6,,1013.6,
2023-03-15,15.1,6.4,17.1,10.2,,130.0,14.3,,1007.9,
2023-03-16,14.0,6.9,18.2,0.0,,117.0,8.1,,1008.4,
2023-03-17,13.9,6.6,17.6,0.0,,129.0,8.7,,1013.1,
2023-03-18,10.7,4.7,13.8,1.0,,104.0,9.3,,1013.4,
2023-03-19,8.4,5.1,11.9,4.8,,70.0,9.3,,1009.0,
2023-03-20,1.8,-0.3,3.0,4.8,,297.0,8.4,,1015.1,
2023-03-21,1.7,-4.0,7.4,0.0,,342.0,6.6,,1016.6,
2023-03-22,5.5,-1.5,13.5,0.0,,114.0,6.1,,1014.2,
2023-03-23,7.1,2.9,13.6,0.9,,119.0,9.1,,1013.2,
2023-03-24,6.2,2.2,11.8,6.1,,91.0,7.2,,1016.4,
2023-03-25,6.5,3.6,10.2,8.8,,115.0,6.7,,1014.2,
2023-03-26,7.5,4.0,12.9,8.4,,127.0,9.6,,1010.6,
2023-03-27,7.1,2.5,11.6,2.5,,24.0,7.5,,1011.0,
2023-03-28,8.2,1.5,16.0,0.9,,123.0,16.1,,1008.5,
2023-03-29,4.1,-3.3,10.2,19.7,,193.0,16.5,,1007.6,
2023-03-30,-4.3,-6.4,-1.1,2.0,,345.0,10.7,,1020.8,
2023-03-31,-5.3,-10.5,-1.5,0.1,,325.0,11.4,,1021.3,
2023-04-01,-5.1,-13.8,3.7,0.0,,103.0,6.9,,1019.9,
2023-04-02,1.7,-6.4,9.3,0.0,,107.0,8.2,,1015.4,
2023-04-03,6.0,-0.4,11.5,1.5,,101.0,8.2,,1015.8,
2023-04-04,8.9,1.3,16.9,0.0,,113.0,13.5,,1015.2,
2023-04-05,8.5,4.7,13.8,4.7,,126.0,12.8,,1010.1,
2023-04-06,5.3,1.6,10.8,4.2,,94.0,6.9,,1012.4,
2023-04-07,5.0,0.1,10.8,11.7,,113.0,11.6,,1013.3,
2023-04-08,2.8,-3.1,6.7,3.6,,319.0,6.8,,1020.5,
2023-04-09,3.7,-4.9,12.4,0.0,,105.0,8.9,,1021.5,
2023-04-10,7.9,3.3,12.7,5.4,,109.0,14.1,,1014.2,
2023-04-11,8.6,6.8,11.0,8.2,,119.0,16.5,,1006.9,
2023-04-12,7.8,4.7,12.1,10.3,,150.0,10.6,,1001.8,
2023-04-13,4.9,-0.5,8.1,6.8,,287.0,6.4,,1008.3,
2023-04-14,4.9,-0.6,10.6,0.3,,138.0,10.3,,1018.1,
2023-04-15,8.6,1.7,16.2,0.0,,64.0,7.7,,1019.6,
2023-04-16,11.4,3.5,19.7,1.1,,91.0,6.6,,1015.8,
2023-04-17,12.0,5.7,18.7,0.8,,85.0,8.1,,1015.4,
2023-04-18,12.1,5.7,19.2,0.6,,113.0,9.3,,1017.0,
2023-04-19,11.8,6.5,17.9,4.3,,120.0,14.3,,1014.0,
2023-04-20,10.7,6.0,16.9,20.3,,146.0,14.6,,1007.8,
2023-04-21,7.3,3.3,13.0,4.5,,44.0,6.5,,1010.1,
2023-04-22,7.7,1.7,14.3,2.2,,107.0,9.6,,1013.6,
2023-04-23,8.4,3.9,13.2,3.6,,99.0,9.2,,1014.2,
2023-04-24,7.8,4.3,13.5,4.5,,140.0,7.7,,1012.7,
2023-04-25,8.9,2.8,15.1,0.0,,131.0,8.2,,1014.6,
2023-04-26,9.5,3.2,15.8,1.6,,127.0,12.9,,1012.6,
2023-04-27,11.1,6.0,17.0,0.9,,129.0,15.6,,1009.7,
2023-04-28,10.0,4.6,16.7,6.8,,139.0,12.5,,1009.2,
2023-04-29,5.4,2.4,7.5,24.3,,299.0,6.3,,1010.6,
2023-04-30,5.9,2.1,10.8,4.5,,1.0,7.2,,1011.7,
2023-05-01,5.2,1.0,9.2,1.2,,327.0,6.4,,1017.8,
2023-05-02,4.5,-1.3,9.1,1.6,,322.0,7.8,,1023.6,
2023-05-03,4.6,-2.9,10.8,0.0,,351.0,7.9,,1026.4,
2023-05-04,16.8,0.9,22.7,0.0,,41.0,5.6,,1022.9,
2023-05-05,19.8,5.4,24.9,0.0,,59.0,6.3,,1016.3,
2023-05-06,15.2,9.5,19.4,1.0,,96.0,9.9,,1012.8,
2023-05-07,13.7,7.7,19.3,4.6,,127.0,10.2,,1011.1,
2023-05-08,11.4,8.1,16.2,1.5,,313.0,7.4,,1015.0,
2023-05-09,15.3,5.8,20.9,2.3,,315.0,6.9,,1016.6,
2023-05-10,15.1,5.6,21.5,0.0,,138.0,7.9,,1015.8,
2023-05-11,12.5,8.9,17.6,3.3,,151.0,8.9,,1017.0,
2023-05-12,14.2,9.2,18.2,0.0,,112.0,11.9,,1015.2,
2023-05-13,11.0,7.1,16.8,9.1,,312.0,10.6,,1015.3,
2023-05-14,11.1,7.6,13.9,1.3,,301.0,13.9,,1021.6,
2023-05-15,12.6,5.7,17.1,0.0,,329.0,10.6,,1020.9,
2023-05-16,10.7,1.7,18.8,0.0,,350.0,6.5,,1017.5,
2023-05-17,20.9,6.2,26.1,0.0,,352.0,6.6,,1011.5,
2023-05-18,22.0,9.6,27.2,0.0,,138.0,11.6,,1007.9,
2023-05-19,20.8,9.2,27.3,0.0,,120.0,10.8,,1008.9,
2023-05-20,13.9,8.4,21.4,11.9,,115.0,7.8,,1011.4,
2023-05-21,12.3,7.8,18.7,3.0,,123.0,8.9,,1010.3,
2023-05-22,17.1,7.8,22.5,2.0,,121.0,12.6,,1012.1,
2023-05-23,21.1,9.2,25.7,13.7,,136.0,18.1,,1012.2,
2023-05-24,14.6,7.9,20.5,2.2,,128.0,12.0,,1014.5,
2023-05-25,14.1,8.3,19.9,4.4,,107.0,8.8,,1015.8,
2023-05-26,13.9,9.1,19.8,2.5,,112.0,9.1,,1015.0,
2023-05-27,14.9,8.1,22.3,0.4,,131.0,8.2,,1014.0,
2023-05-28,15.0,9.9,20.2,1.1,,119.0,11.5,,1013.7,
2023-05-29,16.6,12.9,21.8,2.7,,136.0,15.5,,1012.2,
2023-05-30,15.6,9.8,21.2,0.2,,133.0,11.8,,1014.0,
2023-05-31,14.7,8.2,20.6,1.8,,127.0,8.4,,1015.0,
2023-06-01,14.2,8.8,19.4,3.9,,258.0,5.7,,1015.7,
2023-06-02,14.8,9.2,20.0,3.8,,116.0,9.0,,1016.0,
2023-06-03,17.0,11.4,23.5,1.4,,118.0,13.6,,1015.1,
2023-06-04,17.3,10.6,24.1,0.0,,128.0,9.6,,1013.3,
2023-06-05,14.9,9.9,20.2,1.2,,311.0,6.4,,1015.2,
2023-06-06,14.8,11.8,18.8,5.2,,306.0,6.8,,1017.9,
2023-06-07,15.9,10.9,22.4,0.0,,307.0,7.5,,1017.5,
2023-06-08,17.7,8.3,26.4,0.0,,97.0,7.2,,1015.2,
2023-06-09,17.8,13.7,23.7,1.3,,114.0,10.5,,1012.4,
2023-06-10,15.9,10.8,19.6,13.0,,116.0,7.0,,1009.7,
2023-06-11,17.3,10.5,24.2,1.3,,140.0,8.5,,1008.8,
2023-06-12,18.4,11.8,25.0,0.0,,135.0,10.0,,1007.4,
2023-06-13,17.4,12.5,22.6,2.4,,88.0,7.3,,1007.8,
2023-06-14,15.9,11.0,20.3,8.9,,300.0,6.5,,1010.4,
2023-06-15,15.7,12.6,19.2,4.0,,323.0,8.5,,1013.0,
2023-06-16,16.2,9.6,22.3,0.0,,284.0,7.2,,1012.1,
2023-06-17,17.5,8.9,24.5,0.0,,13.0,6.5,,1008.2,
2023-06-18,17.1,13.1,21.6,4.7,,280.0,7.4,,1007.6,
2023-06-19,16.5,9.7,23.5,6.6,,229.0,7.7,,1010.2,
